"","1","2","3","4","5","6","7","8","9","10","11","12","13","14","15","16","17","18","19","20","21","22","23","24","25","26","27","28","29","30","31","32","33","34","35","36","37","38","39","40","41","42","43","44","45","46","47","48","49","50","51","52","53","54","55","56","57","58","59","60","61","62","63","64","65","66","67","68","69","70","71","72","73","74","75","76","77","78","79","80","81","82","83","84","85","86","87","88","89","90","91","92","93","94","95","96","97","98","99","100","101","102","103","104","105","106","107","108","109","110","111","112","113","114","115","116","117","118","119","120","121","122","123","124","125","126","127","128"
"V1",50,1,11,0.00180792808532715,50,2,15,0.00131702423095703,50,3,6,0.00147294998168945,50,4,14,0.00156497955322266,50,5,18,0.00141596794128418,50,6,14,0.00123214721679688,50,7,15,0.00155019760131836,50,8,20,0.00704598426818848,80,1,14,0.00214290618896484,80,2,11,0.00152587890625,80,3,10,0.00162887573242188,80,4,17,0.00207996368408203,80,5,29,0.00183987617492676,80,6,12,0.00166893005371094,80,7,19,0.00233101844787598,80,8,19,0.00249719619750977,150,1,20,0.0027010440826416,150,2,16,0.00263500213623047,150,3,26,0.00277996063232422,150,4,24,0.00612688064575195,150,5,21,0.00370001792907715,150,6,29,0.00416684150695801,150,7,34,0.0027470588684082,150,8,28,0.00364208221435547,200,1,18,0.00345897674560547,200,2,24,0.00555109977722168,200,3,20,0.00478696823120117,200,4,30,0.0034949779510498,200,5,31,0.00333380699157715,200,6,27,0.00547313690185547,200,7,33,0.00335001945495605,200,8,33,0.00497889518737793
"V2",50,1,7,0.00220203399658203,50,2,5,0.000823020935058594,50,3,13,0.00141620635986328,50,4,11,0.00139498710632324,50,5,15,0.000802040100097656,50,6,24,0.000802040100097656,50,7,14,0.000803947448730469,50,8,20,0.00141000747680664,80,1,13,0.00211095809936523,80,2,14,0.00125885009765625,80,3,18,0.00143122673034668,80,4,28,0.00285506248474121,80,5,15,0.00248003005981445,80,6,17,0.00130105018615723,80,7,28,0.00214791297912598,80,8,27,0.00219392776489258,150,1,10,0.00535106658935547,150,2,10,0.00232791900634766,150,3,25,0.00231814384460449,150,4,26,0.00408506393432617,150,5,24,0.00422215461730957,150,6,24,0.00405597686767578,150,7,29,0.00399088859558105,150,8,33,0.00342011451721191,200,1,26,0.00363802909851074,200,2,20,0.00606298446655273,200,3,21,0.0046849250793457,200,4,29,0.0042421817779541,200,5,46,0.00316596031188965,200,6,33,0.00461196899414062,200,7,45,0.00444817543029785,200,8,38,0.00302910804748535
"V3",50,1,12,0.00670886039733887,50,2,17,0.000808000564575195,50,3,12,0.00142502784729004,50,4,11,0.00142002105712891,50,5,22,0.000802993774414062,50,6,19,0.000811100006103516,50,7,16,0.000806093215942383,50,8,18,0.00141191482543945,80,1,13,0.00214385986328125,80,2,12,0.0012509822845459,80,3,12,0.00265192985534668,80,4,22,0.00478792190551758,80,5,14,0.00222516059875488,80,6,17,0.00125908851623535,80,7,26,0.00214195251464844,80,8,27,0.0021970272064209,150,1,18,0.0085148811340332,150,2,12,0.00257396697998047,150,3,20,0.00264096260070801,150,4,23,0.00253510475158691,150,5,26,0.00318789482116699,150,6,25,0.00564408302307129,150,7,23,0.00479602813720703,150,8,33,0.00541806221008301,200,1,26,0.00688505172729492,200,2,19,0.00322985649108887,200,3,21,0.00334000587463379,200,4,32,0.0041191577911377,200,5,29,0.0072629451751709,200,6,32,0.00326800346374512,200,7,36,0.00351190567016602,200,8,46,0.00389409065246582
"V4",50,1,7,0.00197410583496094,50,2,5,0.00103116035461426,50,3,19,0.00141000747680664,50,4,13,0.00142812728881836,50,5,15,0.000818967819213867,50,6,18,0.000818967819213867,50,7,20,0.000818014144897461,50,8,15,0.00082087516784668,80,1,18,0.00212717056274414,80,2,11,0.00125789642333984,80,3,13,0.0038609504699707,80,4,20,0.00220417976379395,80,5,28,0.00217890739440918,80,6,16,0.00124883651733398,80,7,21,0.00216984748840332,80,8,18,0.00220799446105957,150,1,13,0.00236201286315918,150,2,20,0.00333905220031738,150,3,13,0.00346612930297852,150,4,19,0.00296497344970703,150,5,19,0.00231599807739258,150,6,26,0.00400805473327637,150,7,32,0.00379014015197754,150,8,30,0.0041499137878418,200,1,8,0.0052649974822998,200,2,22,0.00309514999389648,200,3,24,0.00528287887573242,200,4,24,0.00309395790100098,200,5,38,0.00526905059814453,200,6,43,0.00530505180358887,200,7,40,0.00659990310668945,200,8,35,0.00532412528991699
"V5",50,1,10,0.00754189491271973,50,2,7,0.00106596946716309,50,3,10,0.00159001350402832,50,4,22,0.00155496597290039,50,5,16,0.000805139541625977,50,6,18,0.00137186050415039,50,7,12,0.000808954238891602,50,8,13,0.000790119171142578,80,1,9,0.00209999084472656,80,2,8,0.0024101734161377,80,3,20,0.00313401222229004,80,4,23,0.0026850700378418,80,5,28,0.00167202949523926,80,6,29,0.00130391120910645,80,7,23,0.00129890441894531,80,8,17,0.00168609619140625,150,1,12,0.00234794616699219,150,2,11,0.010530948638916,150,3,16,0.00408697128295898,150,4,15,0.00471997261047363,150,5,24,0.00433516502380371,150,6,25,0.00270700454711914,150,7,32,0.00405216217041016,150,8,38,0.00343894958496094,200,1,12,0.00520181655883789,200,2,16,0.00429391860961914,200,3,12,0.00458693504333496,200,4,24,0.00519990921020508,200,5,28,0.00339102745056152,200,6,30,0.0030360221862793,200,7,29,0.00347113609313965,200,8,44,0.00572395324707031
"V6",50,1,16,0.00196695327758789,50,2,13,0.00105404853820801,50,3,7,0.00153493881225586,50,4,11,0.0011751651763916,50,5,14,0.000792026519775391,50,6,10,0.00140213966369629,50,7,12,0.000800132751464844,50,8,12,0.000799894332885742,80,1,13,0.0021049976348877,80,2,12,0.00183296203613281,80,3,17,0.00221705436706543,80,4,15,0.00218796730041504,80,5,14,0.00241613388061523,80,6,16,0.00173211097717285,80,7,24,0.00195193290710449,80,8,19,0.00165891647338867,150,1,14,0.00227999687194824,150,2,19,0.00698709487915039,150,3,23,0.00488615036010742,150,4,28,0.00421690940856934,150,5,20,0.00419902801513672,150,6,35,0.0023338794708252,150,7,26,0.00324296951293945,150,8,18,0.00290203094482422,200,1,20,0.0047760009765625,200,2,19,0.00494790077209473,200,3,35,0.00620102882385254,200,4,27,0.00437116622924805,200,5,45,0.00537610054016113,200,6,25,0.00314903259277344,200,7,33,0.00491619110107422,200,8,22,0.00531291961669922
"V7",50,1,10,0.00420498847961426,50,2,8,0.00103402137756348,50,3,9,0.0010530948638916,50,4,18,0.00208902359008789,50,5,16,0.000821113586425781,50,6,20,0.00140190124511719,50,7,15,0.000837087631225586,50,8,23,0.00143980979919434,80,1,8,0.00383186340332031,80,2,19,0.00221586227416992,80,3,19,0.00219202041625977,80,4,22,0.00398993492126465,80,5,20,0.00218391418457031,80,6,20,0.00217008590698242,80,7,16,0.002655029296875,80,8,20,0.00264406204223633,150,1,22,0.0031580924987793,150,2,21,0.00386285781860352,150,3,16,0.00414896011352539,150,4,19,0.00564408302307129,150,5,26,0.0041959285736084,150,6,25,0.00367116928100586,150,7,22,0.00362300872802734,150,8,30,0.0040278434753418,200,1,11,0.00303196907043457,200,2,11,0.00533080101013184,200,3,37,0.00545811653137207,200,4,33,0.00444793701171875,200,5,24,0.00580382347106934,200,6,36,0.0030970573425293,200,7,37,0.00783801078796387,200,8,38,0.00543808937072754
"V8",50,1,8,0.00499486923217773,50,2,13,0.00112199783325195,50,3,14,0.00101804733276367,50,4,11,0.00192999839782715,50,5,12,0.000954151153564453,50,6,15,0.00101685523986816,50,7,26,0.00085902214050293,50,8,18,0.00140213966369629,80,1,11,0.00165581703186035,80,2,9,0.0021510124206543,80,3,17,0.00251913070678711,80,4,17,0.00219607353210449,80,5,19,0.00217795372009277,80,6,13,0.00224208831787109,80,7,22,0.00398087501525879,80,8,16,0.00129795074462891,150,1,20,0.00395798683166504,150,2,14,0.00396895408630371,150,3,18,0.00413298606872559,150,4,26,0.00444984436035156,150,5,29,0.00476884841918945,150,6,26,0.00569891929626465,150,7,45,0.0041968822479248,150,8,35,0.00394797325134277,200,1,26,0.00513195991516113,200,2,20,0.00316786766052246,200,3,49,0.00534915924072266,200,4,26,0.00312089920043945,200,5,25,0.00451803207397461,200,6,22,0.0044100284576416,200,7,26,0.00537586212158203,200,8,30,0.00518178939819336
"V9",50,1,7,0.000777006149291992,50,2,12,0.00319409370422363,50,3,15,0.00102806091308594,50,4,18,0.00170612335205078,50,5,17,0.0011899471282959,50,6,25,0.000803947448730469,50,7,15,0.00153493881225586,50,8,16,0.00140213966369629,80,1,15,0.00121688842773438,80,2,15,0.00252199172973633,80,3,13,0.00127816200256348,80,4,16,0.00127601623535156,80,5,13,0.00182795524597168,80,6,22,0.00223302841186523,80,7,18,0.00428009033203125,80,8,29,0.00185203552246094,150,1,18,0.00467681884765625,150,2,14,0.0039370059967041,150,3,31,0.0032191276550293,150,4,29,0.00413393974304199,150,5,22,0.00328707695007324,150,6,35,0.00251603126525879,150,7,27,0.00576615333557129,150,8,28,0.00712800025939941,200,1,20,0.00754094123840332,200,2,31,0.00434303283691406,200,3,27,0.00579309463500977,200,4,24,0.00413203239440918,200,5,39,0.00423789024353027,200,6,22,0.00519204139709473,200,7,28,0.00565385818481445,200,8,40,0.00416302680969238
"V10",50,1,7,0.00115418434143066,50,2,7,0.00145792961120605,50,3,12,0.00199198722839355,50,4,18,0.00364303588867188,50,5,14,0.000829935073852539,50,6,19,0.00080418586730957,50,7,12,0.000818967819213867,50,8,13,0.0014960765838623,80,1,9,0.0012059211730957,80,2,15,0.00242805480957031,80,3,16,0.00128793716430664,80,4,20,0.0012810230255127,80,5,11,0.00126981735229492,80,6,17,0.00226688385009766,80,7,14,0.00219607353210449,80,8,22,0.0024878978729248,150,1,25,0.00226807594299316,150,2,20,0.00375699996948242,150,3,28,0.00417494773864746,150,4,24,0.0035240650177002,150,5,39,0.00397109985351562,150,6,19,0.00313115119934082,150,7,29,0.00406503677368164,150,8,37,0.00402402877807617,200,1,19,0.00840997695922852,200,2,40,0.00393915176391602,200,3,22,0.00701904296875,200,4,26,0.00957012176513672,200,5,44,0.00521707534790039,200,6,40,0.00495195388793945,200,7,28,0.00304698944091797,200,8,41,0.0031130313873291
"V11",50,1,11,0.0013730525970459,50,2,14,0.00146698951721191,50,3,20,0.000794887542724609,50,4,15,0.00139498710632324,50,5,12,0.00198793411254883,50,6,14,0.0032501220703125,50,7,14,0.00200819969177246,50,8,16,0.0032191276550293,80,1,11,0.00120997428894043,80,2,10,0.0022580623626709,80,3,13,0.00158214569091797,80,4,26,0.00126791000366211,80,5,19,0.00127983093261719,80,6,28,0.00236701965332031,80,7,14,0.00214886665344238,80,8,27,0.00234699249267578,150,1,22,0.00274491310119629,150,2,15,0.00238394737243652,150,3,18,0.0060429573059082,150,4,13,0.00264501571655273,150,5,43,0.00234508514404297,150,6,26,0.00405097007751465,150,7,28,0.00306487083435059,150,8,30,0.00288701057434082,200,1,17,0.00419497489929199,200,2,21,0.00500798225402832,200,3,39,0.00483417510986328,200,4,36,0.00434207916259766,200,5,25,0.00554490089416504,200,6,29,0.00527501106262207,200,7,33,0.00305700302124023,200,8,38,0.00307393074035645
"V12",50,1,6,0.00153398513793945,50,2,8,0.00135207176208496,50,3,9,0.00079798698425293,50,4,10,0.00137686729431152,50,5,12,0.000799894332885742,50,6,13,0.0013730525970459,50,7,15,0.000794887542724609,50,8,23,0.00140810012817383,80,1,9,0.0012049674987793,80,2,10,0.00222897529602051,80,3,19,0.00213289260864258,80,4,17,0.00544095039367676,80,5,22,0.00127291679382324,80,6,17,0.00164103507995605,80,7,17,0.00213003158569336,80,8,27,0.00218796730041504,150,1,17,0.00241518020629883,150,2,22,0.00236701965332031,150,3,25,0.00418996810913086,150,4,18,0.0040748119354248,150,5,24,0.00265693664550781,150,6,31,0.00521302223205566,150,7,29,0.00281691551208496,150,8,21,0.00237321853637695,200,1,27,0.0100109577178955,200,2,16,0.00342082977294922,200,3,21,0.00526189804077148,200,4,22,0.00449991226196289,200,5,22,0.00722098350524902,200,6,25,0.00529193878173828,200,7,43,0.00537300109863281,200,8,34,0.00309014320373535
"V13",50,1,12,0.00215387344360352,50,2,9,0.00399494171142578,50,3,8,0.00166487693786621,50,4,11,0.00138282775878906,50,5,16,0.000792980194091797,50,6,15,0.00139594078063965,50,7,18,0.000941038131713867,50,8,20,0.00139284133911133,80,1,8,0.00154709815979004,80,2,15,0.00219202041625977,80,3,12,0.00140190124511719,80,4,23,0.00219488143920898,80,5,28,0.00322294235229492,80,6,15,0.00215888023376465,80,7,12,0.00127696990966797,80,8,26,0.00226211547851562,150,1,11,0.00251603126525879,150,2,9,0.00331997871398926,150,3,12,0.00356888771057129,150,4,16,0.00444793701171875,150,5,23,0.00350618362426758,150,6,30,0.0041499137878418,150,7,30,0.00331902503967285,150,8,52,0.00240087509155273,200,1,15,0.00518989562988281,200,2,18,0.00432801246643066,200,3,17,0.00324892997741699,200,4,30,0.00532007217407227,200,5,43,0.00377988815307617,200,6,28,0.00381803512573242,200,7,26,0.00637292861938477,200,8,38,0.00433492660522461
"V14",50,1,6,0.00241804122924805,50,2,8,0.000804901123046875,50,3,10,0.000783920288085938,50,4,15,0.00140595436096191,50,5,17,0.000784158706665039,50,6,15,0.00136494636535645,50,7,21,0.000793933868408203,50,8,11,0.00139808654785156,80,1,10,0.0017249584197998,80,2,23,0.0114710330963135,80,3,14,0.00126481056213379,80,4,14,0.00361514091491699,80,5,17,0.00234198570251465,80,6,16,0.00219392776489258,80,7,24,0.00127601623535156,80,8,20,0.00128483772277832,150,1,10,0.00227189064025879,150,2,11,0.0039520263671875,150,3,25,0.00236201286315918,150,4,24,0.00389504432678223,150,5,22,0.00396609306335449,150,6,30,0.00574707984924316,150,7,22,0.00577497482299805,150,8,22,0.00238704681396484,200,1,27,0.00565004348754883,200,2,14,0.00500011444091797,200,3,35,0.00576210021972656,200,4,21,0.00541901588439941,200,5,31,0.00508594512939453,200,6,27,0.00530910491943359,200,7,50,0.00303196907043457,200,8,42,0.00331592559814453
"V15",50,1,20,0.00119209289550781,50,2,11,0.000865936279296875,50,3,7,0.000787973403930664,50,4,12,0.00138306617736816,50,5,16,0.000797033309936523,50,6,16,0.00135493278503418,50,7,17,0.000793933868408203,50,8,17,0.00140905380249023,80,1,10,0.00259995460510254,80,2,10,0.00214695930480957,80,3,15,0.0023651123046875,80,4,22,0.00197601318359375,80,5,20,0.00222396850585938,80,6,20,0.00222897529602051,80,7,21,0.00126814842224121,80,8,30,0.00195503234863281,150,1,12,0.00341892242431641,150,2,24,0.010983943939209,150,3,22,0.00268197059631348,150,4,26,0.00404214859008789,150,5,30,0.00395417213439941,150,6,28,0.00362896919250488,150,7,23,0.00416707992553711,150,8,26,0.00422501564025879,200,1,14,0.00528979301452637,200,2,21,0.00524997711181641,200,3,16,0.00370883941650391,200,4,26,0.0101170539855957,200,5,38,0.00543594360351562,200,6,29,0.00384616851806641,200,7,22,0.00315189361572266,200,8,41,0.00305891036987305
"V16",50,1,18,0.00113201141357422,50,2,9,0.000798940658569336,50,3,20,0.00102615356445312,50,4,9,0.000802040100097656,50,5,15,0.000782012939453125,50,6,18,0.0013887882232666,50,7,14,0.000792980194091797,50,8,21,0.00139403343200684,80,1,8,0.00270700454711914,80,2,13,0.0192060470581055,80,3,24,0.00225520133972168,80,4,22,0.00217986106872559,80,5,26,0.00208902359008789,80,6,17,0.00234603881835938,80,7,19,0.00129294395446777,80,8,24,0.00227713584899902,150,1,15,0.00364589691162109,150,2,13,0.00573396682739258,150,3,17,0.00338912010192871,150,4,22,0.00452399253845215,150,5,26,0.00315999984741211,150,6,25,0.00237607955932617,150,7,32,0.00259900093078613,150,8,20,0.0040290355682373,200,1,16,0.00717997550964355,200,2,13,0.00395321846008301,200,3,23,0.00490784645080566,200,4,41,0.00326991081237793,200,5,24,0.00701594352722168,200,6,28,0.0078270435333252,200,7,23,0.00391411781311035,200,8,38,0.00311493873596191
"V17",50,1,2,0.00181317329406738,50,2,8,0.000796079635620117,50,3,12,0.000790119171142578,50,4,10,0.000802993774414062,50,5,16,0.000810861587524414,50,6,17,0.00140786170959473,50,7,11,0.00701498985290527,50,8,17,0.000929832458496094,80,1,5,0.00806593894958496,80,2,9,0.00241279602050781,80,3,18,0.00219392776489258,80,4,11,0.0012669563293457,80,5,12,0.00371813774108887,80,6,23,0.00224494934082031,80,7,25,0.00125694274902344,80,8,25,0.00655794143676758,150,1,14,0.0039668083190918,150,2,24,0.0033268928527832,150,3,24,0.00383996963500977,150,4,15,0.00321698188781738,150,5,26,0.00236821174621582,150,6,26,0.00235390663146973,150,7,22,0.00232982635498047,150,8,20,0.00402998924255371,200,1,18,0.0053410530090332,200,2,34,0.00707912445068359,200,3,20,0.00528192520141602,200,4,24,0.00315380096435547,200,5,39,0.00530099868774414,200,6,20,0.00574994087219238,200,7,35,0.0069429874420166,200,8,26,0.0044090747833252
"V18",50,1,7,0.00169706344604492,50,2,14,0.000793218612670898,50,3,14,0.000787973403930664,50,4,13,0.000791072845458984,50,5,16,0.00131988525390625,50,6,17,0.00136208534240723,50,7,16,0.00145387649536133,50,8,19,0.000882863998413086,80,1,15,0.00212311744689941,80,2,15,0.00213122367858887,80,3,23,0.00217986106872559,80,4,15,0.00165987014770508,80,5,15,0.00134801864624023,80,6,28,0.0023350715637207,80,7,22,0.00199508666992188,80,8,21,0.00380492210388184,150,1,14,0.00392603874206543,150,2,34,0.00241303443908691,150,3,30,0.00425601005554199,150,4,14,0.00347185134887695,150,5,25,0.00244402885437012,150,6,19,0.00259208679199219,150,7,26,0.00303101539611816,150,8,35,0.00404500961303711,200,1,23,0.00527310371398926,200,2,7,0.00490903854370117,200,3,18,0.0105481147766113,200,4,23,0.00315690040588379,200,5,44,0.00438594818115234,200,6,27,0.00532007217407227,200,7,32,0.0052950382232666,200,8,40,0.0051720142364502
"V19",50,1,11,0.00172114372253418,50,2,13,0.000806808471679688,50,3,8,0.000793933868408203,50,4,12,0.000792026519775391,50,5,11,0.00139284133911133,50,6,12,0.0014958381652832,50,7,14,0.000808954238891602,50,8,16,0.000823020935058594,80,1,10,0.00212883949279785,80,2,18,0.0021660327911377,80,3,10,0.00308799743652344,80,4,18,0.00274991989135742,80,5,12,0.00126981735229492,80,6,14,0.0024409294128418,80,7,18,0.00220799446105957,80,8,24,0.00217986106872559,150,1,10,0.00397515296936035,150,2,20,0.00233578681945801,150,3,38,0.00414085388183594,150,4,19,0.00238895416259766,150,5,21,0.00582718849182129,150,6,25,0.00523805618286133,150,7,31,0.00402379035949707,150,8,43,0.00269603729248047,200,1,19,0.00485992431640625,200,2,29,0.00527596473693848,200,3,18,0.00504183769226074,200,4,28,0.00422000885009766,200,5,21,0.00500988960266113,200,6,34,0.00530195236206055,200,7,27,0.00507307052612305,200,8,42,0.00306296348571777
"V20",50,1,4,0.00146698951721191,50,2,17,0.000866889953613281,50,3,19,0.000800132751464844,50,4,14,0.000826835632324219,50,5,12,0.00161385536193848,50,6,20,0.00147509574890137,50,7,20,0.000813961029052734,50,8,18,0.000811100006103516,80,1,10,0.00203704833984375,80,2,9,0.0026710033416748,80,3,14,0.0023810863494873,80,4,11,0.00192499160766602,80,5,13,0.00280284881591797,80,6,24,0.00153303146362305,80,7,27,0.00240397453308105,80,8,26,0.00195217132568359,150,1,10,0.00457119941711426,150,2,32,0.00240921974182129,150,3,19,0.00414299964904785,150,4,17,0.00229811668395996,150,5,19,0.00401902198791504,150,6,17,0.00416111946105957,150,7,21,0.00684881210327148,150,8,40,0.0034329891204834,200,1,26,0.0068359375,200,2,22,0.00533890724182129,200,3,14,0.00554680824279785,200,4,42,0.00329804420471191,200,5,42,0.00663900375366211,200,6,23,0.00536894798278809,200,7,22,0.00310301780700684,200,8,34,0.0134170055389404
"V21",50,1,12,0.00198197364807129,50,2,7,0.000893831253051758,50,3,12,0.000795125961303711,50,4,12,0.000992059707641602,50,5,10,0.00143885612487793,50,6,18,0.00110912322998047,50,7,17,0.000822067260742188,50,8,18,0.000815153121948242,80,1,7,0.00123500823974609,80,2,12,0.00250506401062012,80,3,27,0.00503897666931152,80,4,16,0.0022590160369873,80,5,15,0.00140595436096191,80,6,21,0.00325298309326172,80,7,32,0.00127601623535156,80,8,19,0.00124406814575195,150,1,8,0.0023651123046875,150,2,15,0.00347304344177246,150,3,23,0.0041348934173584,150,4,20,0.00363898277282715,150,5,32,0.00397610664367676,150,6,34,0.00403904914855957,150,7,29,0.00400400161743164,150,8,22,0.00245308876037598,200,1,20,0.00532984733581543,200,2,17,0.00509881973266602,200,3,28,0.00457406044006348,200,4,20,0.0031590461730957,200,5,45,0.00311589241027832,200,6,29,0.00677895545959473,200,7,26,0.00524401664733887,200,8,42,0.00531506538391113
"V22",50,1,8,0.00366115570068359,50,2,8,0.000998973846435547,50,3,11,0.00116991996765137,50,4,15,0.000787019729614258,50,5,16,0.00140500068664551,50,6,12,0.00080108642578125,50,7,19,0.000906944274902344,50,8,16,0.000944137573242188,80,1,7,0.00214886665344238,80,2,7,0.00136208534240723,80,3,14,0.00280499458312988,80,4,24,0.00206780433654785,80,5,17,0.00128293037414551,80,6,18,0.00234889984130859,80,7,30,0.00125694274902344,80,8,22,0.00125288963317871,150,1,11,0.00394892692565918,150,2,10,0.00562000274658203,150,3,31,0.00323915481567383,150,4,25,0.00960612297058105,150,5,26,0.00397801399230957,150,6,22,0.00332188606262207,150,7,24,0.0036170482635498,150,8,39,0.00312089920043945,200,1,16,0.0128958225250244,200,2,23,0.00426697731018066,200,3,37,0.0031440258026123,200,4,40,0.00313091278076172,200,5,27,0.00329208374023438,200,6,21,0.00717782974243164,200,7,51,0.00462698936462402,200,8,30,0.00550103187561035
"V23",50,1,4,0.00271010398864746,50,2,8,0.000897884368896484,50,3,9,0.00141191482543945,50,4,19,0.000802040100097656,50,5,15,0.00137901306152344,50,6,18,0.000893115997314453,50,7,18,0.000817060470581055,50,8,16,0.000792980194091797,80,1,11,0.00211215019226074,80,2,19,0.00143098831176758,80,3,14,0.00297784805297852,80,4,22,0.0018160343170166,80,5,18,0.00375604629516602,80,6,26,0.00223422050476074,80,7,19,0.00222897529602051,80,8,21,0.00127506256103516,150,1,7,0.00269412994384766,150,2,17,0.00406408309936523,150,3,14,0.00510907173156738,150,4,30,0.00278401374816895,150,5,32,0.00401902198791504,150,6,23,0.00419902801513672,150,7,22,0.00234293937683105,150,8,22,0.00404500961303711,200,1,13,0.00640702247619629,200,2,18,0.00374007225036621,200,3,18,0.00453591346740723,200,4,17,0.00358796119689941,200,5,22,0.00425601005554199,200,6,13,0.00927615165710449,200,7,29,0.00375008583068848,200,8,27,0.00312495231628418
"V24",50,1,5,0.0018460750579834,50,2,17,0.000799894332885742,50,3,22,0.0014030933380127,50,4,20,0.00109195709228516,50,5,18,0.000816106796264648,50,6,16,0.00142312049865723,50,7,14,0.000819206237792969,50,8,19,0.00080418586730957,80,1,6,0.00217819213867188,80,2,17,0.00147104263305664,80,3,10,0.00278401374816895,80,4,17,0.00221490859985352,80,5,14,0.00131702423095703,80,6,22,0.00222682952880859,80,7,30,0.00128579139709473,80,8,18,0.00167107582092285,150,1,7,0.00656390190124512,150,2,17,0.0033729076385498,150,3,16,0.00411796569824219,150,4,23,0.00584697723388672,150,5,39,0.00407910346984863,150,6,54,0.00405311584472656,150,7,30,0.00239706039428711,150,8,37,0.0039970874786377,200,1,25,0.00575613975524902,200,2,42,0.0054619312286377,200,3,26,0.00517010688781738,200,4,21,0.00827503204345703,200,5,25,0.00707316398620605,200,6,26,0.00562310218811035,200,7,55,0.00494098663330078,200,8,42,0.00307011604309082
"V25",50,1,7,0.00328302383422852,50,2,13,0.000789165496826172,50,3,6,0.00139689445495605,50,4,17,0.00137209892272949,50,5,22,0.000811100006103516,50,6,11,0.00145292282104492,50,7,18,0.000799894332885742,50,8,14,0.000803947448730469,80,1,11,0.00211691856384277,80,2,14,0.00342893600463867,80,3,18,0.00220298767089844,80,4,13,0.00415802001953125,80,5,14,0.00125503540039062,80,6,17,0.00223517417907715,80,7,18,0.00200581550598145,80,8,29,0.00128602981567383,150,1,10,0.00393009185791016,150,2,20,0.0023491382598877,150,3,35,0.00433921813964844,150,4,22,0.00400686264038086,150,5,34,0.00413012504577637,150,6,37,0.00390005111694336,150,7,21,0.00369596481323242,150,8,41,0.00407004356384277,200,1,25,0.00422310829162598,200,2,11,0.00405311584472656,200,3,42,0.00918388366699219,200,4,36,0.00566697120666504,200,5,27,0.00402092933654785,200,6,30,0.0066218376159668,200,7,26,0.00482511520385742,200,8,38,0.00338006019592285
"V26",50,1,6,0.00259590148925781,50,2,12,0.00193285942077637,50,3,13,0.00141692161560059,50,4,8,0.00137901306152344,50,5,16,0.000803947448730469,50,6,13,0.00139594078063965,50,7,10,0.00111985206604004,50,8,14,0.0054171085357666,80,1,19,0.0013730525970459,80,2,14,0.0019829273223877,80,3,17,0.00424814224243164,80,4,13,0.00189709663391113,80,5,24,0.00169992446899414,80,6,12,0.00222301483154297,80,7,19,0.00233697891235352,80,8,14,0.00124692916870117,150,1,20,0.00554108619689941,150,2,10,0.00397181510925293,150,3,21,0.00366902351379395,150,4,23,0.00420904159545898,150,5,28,0.00395703315734863,150,6,36,0.00421500205993652,150,7,38,0.00406503677368164,150,8,43,0.00494599342346191,200,1,11,0.00864195823669434,200,2,24,0.00430703163146973,200,3,20,0.0052340030670166,200,4,32,0.00533914566040039,200,5,40,0.00309300422668457,200,6,24,0.00633597373962402,200,7,48,0.00330781936645508,200,8,27,0.00571513175964355
"V27",50,1,7,0.00142407417297363,50,2,10,0.000797033309936523,50,3,11,0.00188112258911133,50,4,10,0.00284600257873535,50,5,20,0.00253796577453613,50,6,20,0.00313496589660645,50,7,17,0.00307416915893555,50,8,16,0.00197005271911621,80,1,7,0.00123500823974609,80,2,12,0.00271201133728027,80,3,15,0.00127196311950684,80,4,16,0.0013890266418457,80,5,25,0.00228595733642578,80,6,18,0.0021660327911377,80,7,16,0.00647592544555664,80,8,32,0.00130391120910645,150,1,18,0.00261306762695312,150,2,16,0.00567817687988281,150,3,33,0.00238800048828125,150,4,19,0.00441884994506836,150,5,24,0.00260305404663086,150,6,36,0.00292181968688965,150,7,34,0.00430202484130859,150,8,44,0.00236797332763672,200,1,15,0.00479316711425781,200,2,48,0.00376391410827637,200,3,34,0.00623488426208496,200,4,25,0.00538492202758789,200,5,25,0.00317597389221191,200,6,28,0.00517606735229492,200,7,34,0.0053410530090332,200,8,22,0.00365209579467773
"V28",50,1,9,0.00133681297302246,50,2,8,0.000790119171142578,50,3,8,0.00137686729431152,50,4,18,0.000804901123046875,50,5,16,0.00136303901672363,50,6,13,0.00140905380249023,50,7,17,0.00136113166809082,50,8,21,0.000847816467285156,80,1,16,0.00230598449707031,80,2,11,0.00125503540039062,80,3,19,0.00130796432495117,80,4,13,0.00231504440307617,80,5,12,0.00208091735839844,80,6,19,0.00282192230224609,80,7,16,0.00216817855834961,80,8,21,0.00289106369018555,150,1,12,0.00359702110290527,150,2,17,0.00298810005187988,150,3,22,0.00780105590820312,150,4,24,0.00341916084289551,150,5,26,0.00351095199584961,150,6,22,0.00236105918884277,150,7,24,0.00396895408630371,150,8,34,0.00352215766906738,200,1,16,0.00399994850158691,200,2,22,0.0031278133392334,200,3,32,0.00503396987915039,200,4,37,0.00622200965881348,200,5,25,0.023219108581543,200,6,19,0.00487613677978516,200,7,34,0.00531101226806641,200,8,32,0.00314998626708984
"V29",50,1,4,0.00142812728881836,50,2,7,0.000784158706665039,50,3,10,0.0013740062713623,50,4,14,0.000783205032348633,50,5,24,0.00152397155761719,50,6,21,0.00122714042663574,50,7,13,0.00136303901672363,50,8,20,0.000794172286987305,80,1,9,0.0013740062713623,80,2,7,0.00123810768127441,80,3,16,0.00250816345214844,80,4,20,0.00235509872436523,80,5,19,0.00221705436706543,80,6,24,0.00223398208618164,80,7,32,0.00207304954528809,80,8,22,0.00165796279907227,150,1,13,0.00394606590270996,150,2,22,0.00392699241638184,150,3,19,0.00477290153503418,150,4,21,0.00376701354980469,150,5,25,0.00243186950683594,150,6,26,0.00244498252868652,150,7,24,0.00399994850158691,150,8,36,0.00399303436279297,200,1,13,0.00404500961303711,200,2,13,0.00318408012390137,200,3,23,0.00518012046813965,200,4,27,0.00317692756652832,200,5,22,0.00320100784301758,200,6,32,0.00664901733398438,200,7,32,0.00522994995117188,200,8,30,0.00483798980712891
"V30",50,1,6,0.00144386291503906,50,2,14,0.000789165496826172,50,3,12,0.00138401985168457,50,4,12,0.000807046890258789,50,5,12,0.000818967819213867,50,6,13,0.000871181488037109,50,7,20,0.00134992599487305,50,8,11,0.00106191635131836,80,1,8,0.00122809410095215,80,2,18,0.00117397308349609,80,3,14,0.00163483619689941,80,4,13,0.00181984901428223,80,5,14,0.00213408470153809,80,6,17,0.00218510627746582,80,7,19,0.00361204147338867,80,8,20,0.00220417976379395,150,1,10,0.00326299667358398,150,2,16,0.0031130313873291,150,3,27,0.00484585762023926,150,4,28,0.00583410263061523,150,5,22,0.0101571083068848,150,6,40,0.00234818458557129,150,7,38,0.00264191627502441,150,8,43,0.00347709655761719,200,1,19,0.0027928352355957,200,2,27,0.0108499526977539,200,3,22,0.00313591957092285,200,4,26,0.00320816040039062,200,5,29,0.00306987762451172,200,6,22,0.00320291519165039,200,7,25,0.00530600547790527,200,8,28,0.00453090667724609
"V31",50,1,7,0.00113105773925781,50,2,8,0.00778412818908691,50,3,18,0.00137805938720703,50,4,16,0.000787973403930664,50,5,24,0.000798940658569336,50,6,16,0.00078892707824707,50,7,20,0.00215315818786621,50,8,17,0.000796079635620117,80,1,14,0.0012199878692627,80,2,15,0.0011591911315918,80,3,17,0.00128507614135742,80,4,20,0.00207185745239258,80,5,8,0.00220894813537598,80,6,16,0.00241994857788086,80,7,18,0.00131106376647949,80,8,26,0.0017240047454834,150,1,12,0.00231313705444336,150,2,16,0.00233101844787598,150,3,32,0.00449013710021973,150,4,25,0.00275802612304688,150,5,30,0.00239300727844238,150,6,30,0.00367999076843262,150,7,26,0.00359797477722168,150,8,35,0.00234389305114746,200,1,18,0.00286316871643066,200,2,25,0.00311112403869629,200,3,21,0.00409293174743652,200,4,29,0.0043938159942627,200,5,34,0.00321793556213379,200,6,34,0.00318694114685059,200,7,38,0.00524687767028809,200,8,39,0.00312995910644531
"V32",50,1,4,0.000885963439941406,50,2,8,0.0010228157043457,50,3,11,0.00138616561889648,50,4,18,0.000778913497924805,50,5,12,0.00106191635131836,50,6,8,0.000781059265136719,50,7,22,0.00141406059265137,50,8,12,0.000805854797363281,80,1,7,0.00126099586486816,80,2,12,0.00134682655334473,80,3,24,0.00176191329956055,80,4,18,0.00127601623535156,80,5,21,0.00274205207824707,80,6,19,0.0024268627166748,80,7,24,0.0012669563293457,80,8,22,0.00217485427856445,150,1,7,0.00357985496520996,150,2,11,0.00238513946533203,150,3,21,0.00438284873962402,150,4,20,0.0023190975189209,150,5,14,0.0034329891204834,150,6,31,0.00239396095275879,150,7,26,0.00233697891235352,150,8,27,0.00365996360778809,200,1,16,0.00284290313720703,200,2,17,0.00310111045837402,200,3,24,0.00296592712402344,200,4,25,0.00692319869995117,200,5,37,0.00347423553466797,200,6,30,0.00513100624084473,200,7,31,0.00453782081604004,200,8,18,0.00343680381774902
"V33",50,1,8,0.000869035720825195,50,2,4,0.000808000564575195,50,3,11,0.000993967056274414,50,4,8,0.000793933868408203,50,5,15,0.00140905380249023,50,6,18,0.000793933868408203,50,7,18,0.00139904022216797,50,8,15,0.000804901123046875,80,1,12,0.00162410736083984,80,2,15,0.00128316879272461,80,3,18,0.00211501121520996,80,4,14,0.00116896629333496,80,5,13,0.00215506553649902,80,6,19,0.00125002861022949,80,7,20,0.00123095512390137,80,8,28,0.00229811668395996,150,1,9,0.00229597091674805,150,2,14,0.00327897071838379,150,3,20,0.0023961067199707,150,4,27,0.0023341178894043,150,5,20,0.00377202033996582,150,6,36,0.00231695175170898,150,7,34,0.00354099273681641,150,8,26,0.00248217582702637,200,1,9,0.00378704071044922,200,2,29,0.00314688682556152,200,3,21,0.0028529167175293,200,4,25,0.0050959587097168,200,5,47,0.00428891181945801,200,6,36,0.00424504280090332,200,7,39,0.00310301780700684,200,8,19,0.00785493850708008
"V34",50,1,5,0.00219607353210449,50,2,8,0.00146889686584473,50,3,17,0.00112199783325195,50,4,11,0.00105500221252441,50,5,13,0.00127601623535156,50,6,15,0.00144481658935547,50,7,12,0.00132513046264648,50,8,18,0.00247001647949219,80,1,6,0.00214481353759766,80,2,9,0.00230288505554199,80,3,17,0.0022890567779541,80,4,28,0.00205206871032715,80,5,24,0.00227808952331543,80,6,28,0.00406503677368164,80,7,26,0.00222992897033691,80,8,26,0.0022280216217041,150,1,26,0.00399303436279297,150,2,19,0.00414609909057617,150,3,26,0.00411701202392578,150,4,30,0.00431704521179199,150,5,15,0.0050048828125,150,6,23,0.00265908241271973,150,7,19,0.0059661865234375,150,8,27,0.00547003746032715,200,1,19,0.0054008960723877,200,2,18,0.00475096702575684,200,3,20,0.00740718841552734,200,4,33,0.00719499588012695,200,5,20,0.00556802749633789,200,6,25,0.00828886032104492,200,7,26,0.00536417961120605,200,8,28,0.00536990165710449
"V35",50,1,4,0.00217890739440918,50,2,12,0.00143003463745117,50,3,8,0.00080108642578125,50,4,7,0.000795841217041016,50,5,20,0.00144386291503906,50,6,21,0.00142693519592285,50,7,21,0.00145792961120605,50,8,20,0.00147485733032227,80,1,7,0.00390291213989258,80,2,26,0.00220584869384766,80,3,16,0.00258803367614746,80,4,20,0.00208497047424316,80,5,12,0.00246906280517578,80,6,15,0.00224804878234863,80,7,18,0.00213813781738281,80,8,17,0.00218510627746582,150,1,7,0.0127849578857422,150,2,14,0.00576305389404297,150,3,17,0.00414419174194336,150,4,26,0.00584602355957031,150,5,24,0.00429201126098633,150,6,27,0.003662109375,150,7,26,0.00365090370178223,150,8,25,0.00252890586853027,200,1,17,0.00336098670959473,200,2,20,0.00459504127502441,200,3,24,0.00367307662963867,200,4,17,0.00512099266052246,200,5,32,0.00534582138061523,200,6,14,0.00555109977722168,200,7,38,0.00523781776428223,200,8,28,0.00496697425842285
"V36",50,1,3,0.00230193138122559,50,2,7,0.00141406059265137,50,3,10,0.000792980194091797,50,4,15,0.000795841217041016,50,5,13,0.0014350414276123,50,6,8,0.00146198272705078,50,7,14,0.00142192840576172,50,8,18,0.00139999389648438,80,1,13,0.00211501121520996,80,2,22,0.00223517417907715,80,3,12,0.00127077102661133,80,4,13,0.00260400772094727,80,5,29,0.00219511985778809,80,6,16,0.00212311744689941,80,7,17,0.00212693214416504,80,8,32,0.00223112106323242,150,1,14,0.00424289703369141,150,2,23,0.00242519378662109,150,3,30,0.00244712829589844,150,4,22,0.00384306907653809,150,5,24,0.00591802597045898,150,6,33,0.00239205360412598,150,7,45,0.00233197212219238,150,8,26,0.00333189964294434,200,1,20,0.00553798675537109,200,2,17,0.00542902946472168,200,3,38,0.00309896469116211,200,4,36,0.00559902191162109,200,5,46,0.00536704063415527,200,6,28,0.00561785697937012,200,7,27,0.00537204742431641,200,8,37,0.00420093536376953
"V37",50,1,5,0.00589895248413086,50,2,24,0.00147414207458496,50,3,9,0.000793218612670898,50,4,13,0.00080108642578125,50,5,12,0.00147199630737305,50,6,15,0.00141000747680664,50,7,18,0.00143098831176758,50,8,19,0.00235199928283691,80,1,13,0.00206303596496582,80,2,21,0.00240015983581543,80,3,20,0.00124907493591309,80,4,11,0.00128912925720215,80,5,15,0.00408315658569336,80,6,28,0.00167489051818848,80,7,20,0.00222015380859375,80,8,22,0.00227999687194824,150,1,6,0.00270915031433105,150,2,28,0.0024421215057373,150,3,15,0.00233888626098633,150,4,22,0.00475001335144043,150,5,21,0.00278282165527344,150,6,28,0.00284099578857422,150,7,35,0.00233697891235352,150,8,22,0.00246000289916992,200,1,18,0.00496006011962891,200,2,20,0.00857305526733398,200,3,33,0.0030970573425293,200,4,22,0.00586104393005371,200,5,40,0.0076439380645752,200,6,48,0.00688695907592773,200,7,31,0.00670385360717773,200,8,30,0.00324177742004395
"V38",50,1,11,0.00203490257263184,50,2,17,0.00172805786132812,50,3,9,0.000798940658569336,50,4,13,0.00079798698425293,50,5,16,0.00143790245056152,50,6,16,0.00142502784729004,50,7,15,0.0028529167175293,50,8,20,0.000794887542724609,80,1,8,0.00212001800537109,80,2,21,0.00169706344604492,80,3,18,0.00158095359802246,80,4,15,0.00224184989929199,80,5,27,0.00204610824584961,80,6,14,0.00125598907470703,80,7,16,0.00128412246704102,80,8,27,0.00153017044067383,150,1,11,0.00230312347412109,150,2,10,0.00784611701965332,150,3,19,0.00247788429260254,150,4,17,0.00342798233032227,150,5,20,0.00420284271240234,150,6,28,0.00240397453308105,150,7,39,0.00233078002929688,150,8,30,0.00243091583251953,200,1,24,0.00423789024353027,200,2,19,0.00713014602661133,200,3,23,0.00570178031921387,200,4,21,0.0133309364318848,200,5,29,0.00438785552978516,200,6,17,0.00560808181762695,200,7,37,0.00304889678955078,200,8,29,0.00628089904785156
"V39",50,1,9,0.00211095809936523,50,2,11,0.000849008560180664,50,3,11,0.000798225402832031,50,4,12,0.0010230541229248,50,5,18,0.00139999389648438,50,6,18,0.00205111503601074,50,7,19,0.00143098831176758,50,8,23,0.00442218780517578,80,1,8,0.00208401679992676,80,2,15,0.00128507614135742,80,3,9,0.00207209587097168,80,4,10,0.00387120246887207,80,5,16,0.00218796730041504,80,6,14,0.00127005577087402,80,7,18,0.00152802467346191,80,8,22,0.00251388549804688,150,1,15,0.00229501724243164,150,2,16,0.00333809852600098,150,3,16,0.00504589080810547,150,4,12,0.00392699241638184,150,5,17,0.0026240348815918,150,6,39,0.00235795974731445,150,7,28,0.00319600105285645,150,8,32,0.0076301097869873,200,1,24,0.00304603576660156,200,2,30,0.00552701950073242,200,3,12,0.00407099723815918,200,4,15,0.00352001190185547,200,5,30,0.00335693359375,200,6,22,0.00531101226806641,200,7,22,0.00316405296325684,200,8,41,0.00542902946472168
"V40",50,1,10,0.00206398963928223,50,2,17,0.000808000564575195,50,3,13,0.00147390365600586,50,4,18,0.00193691253662109,50,5,18,0.00207304954528809,50,6,22,0.000805854797363281,50,7,13,0.00143885612487793,50,8,17,0.000792980194091797,80,1,15,0.00214195251464844,80,2,17,0.00126099586486816,80,3,15,0.00125479698181152,80,4,24,0.00229215621948242,80,5,19,0.00223898887634277,80,6,18,0.00125598907470703,80,7,22,0.0025479793548584,80,8,24,0.00129795074462891,150,1,9,0.00288510322570801,150,2,26,0.00230789184570312,150,3,19,0.00241780281066895,150,4,11,0.00404787063598633,150,5,26,0.00244903564453125,150,6,28,0.00238990783691406,150,7,40,0.00397086143493652,150,8,23,0.00369000434875488,200,1,12,0.00301289558410645,200,2,19,0.00545787811279297,200,3,29,0.0052950382232666,200,4,30,0.00310993194580078,200,5,44,0.00492095947265625,200,6,29,0.00471806526184082,200,7,38,0.00311422348022461,200,8,38,0.00310897827148438
"V41",50,1,10,0.0136120319366455,50,2,10,0.00225687026977539,50,3,12,0.00364398956298828,50,4,14,0.00150799751281738,50,5,10,0.0013430118560791,50,6,8,0.000807046890258789,50,7,13,0.00141501426696777,50,8,18,0.000802993774414062,80,1,8,0.00235795974731445,80,2,14,0.00125503540039062,80,3,11,0.00242090225219727,80,4,16,0.00240397453308105,80,5,14,0.00148296356201172,80,6,15,0.0012660026550293,80,7,21,0.0077660083770752,80,8,31,0.00127601623535156,150,1,14,0.0035700798034668,150,2,21,0.00378012657165527,150,3,19,0.00392913818359375,150,4,21,0.00510215759277344,150,5,24,0.0054478645324707,150,6,25,0.0024878978729248,150,7,47,0.00234699249267578,150,8,32,0.00234794616699219,200,1,17,0.00301408767700195,200,2,37,0.00518703460693359,200,3,19,0.0054621696472168,200,4,31,0.00549221038818359,200,5,20,0.00314688682556152,200,6,28,0.00411581993103027,200,7,43,0.00615596771240234,200,8,36,0.00427603721618652
"V42",50,1,10,0.00163006782531738,50,2,5,0.000795125961303711,50,3,13,0.00141811370849609,50,4,16,0.00181221961975098,50,5,14,0.00141692161560059,50,6,22,0.00101399421691895,50,7,12,0.00142002105712891,50,8,15,0.000787019729614258,80,1,13,0.00218081474304199,80,2,14,0.00123977661132812,80,3,15,0.00128006935119629,80,4,17,0.00230717658996582,80,5,11,0.00127387046813965,80,6,21,0.00125885009765625,80,7,18,0.00404596328735352,80,8,16,0.00260400772094727,150,1,29,0.00224995613098145,150,2,13,0.00391101837158203,150,3,23,0.00288295745849609,150,4,39,0.00421285629272461,150,5,35,0.00368595123291016,150,6,18,0.00244808197021484,150,7,26,0.00233197212219238,150,8,42,0.00239109992980957,200,1,11,0.00516700744628906,200,2,27,0.0063328742980957,200,3,24,0.00433588027954102,200,4,36,0.00641202926635742,200,5,26,0.00685405731201172,200,6,24,0.00692892074584961,200,7,23,0.00527095794677734,200,8,38,0.00468206405639648
"V43",50,1,10,0.00169587135314941,50,2,16,0.00078892707824707,50,3,14,0.00142884254455566,50,4,12,0.00162100791931152,50,5,13,0.00139498710632324,50,6,17,0.00137090682983398,50,7,22,0.00141286849975586,50,8,28,0.00101780891418457,80,1,11,0.00223183631896973,80,2,13,0.0168139934539795,80,3,21,0.0019690990447998,80,4,16,0.00230693817138672,80,5,28,0.0012519359588623,80,6,26,0.00548195838928223,80,7,18,0.00214886665344238,80,8,25,0.00244808197021484,150,1,11,0.00267410278320312,150,2,18,0.00392794609069824,150,3,20,0.0023200511932373,150,4,19,0.00441598892211914,150,5,32,0.00324106216430664,150,6,17,0.00259900093078613,150,7,35,0.00237202644348145,150,8,31,0.0026700496673584,200,1,17,0.00526905059814453,200,2,26,0.00354313850402832,200,3,22,0.00315308570861816,200,4,19,0.00533199310302734,200,5,32,0.00311613082885742,200,6,30,0.00543785095214844,200,7,20,0.00536584854125977,200,8,39,0.00542807579040527
"V44",50,1,8,0.0016019344329834,50,2,16,0.000795125961303711,50,3,6,0.00136303901672363,50,4,15,0.000814914703369141,50,5,16,0.00152182579040527,50,6,14,0.0013890266418457,50,7,12,0.000951051712036133,50,8,21,0.00080108642578125,80,1,18,0.00218319892883301,80,2,8,0.00130200386047363,80,3,13,0.00221085548400879,80,4,13,0.0022120475769043,80,5,20,0.00130009651184082,80,6,18,0.00343704223632812,80,7,24,0.00213098526000977,80,8,28,0.00128507614135742,150,1,14,0.0040440559387207,150,2,17,0.00402402877807617,150,3,24,0.00330781936645508,150,4,18,0.00420522689819336,150,5,27,0.00423693656921387,150,6,22,0.0025019645690918,150,7,20,0.00315594673156738,150,8,32,0.00335597991943359,200,1,17,0.00381803512573242,200,2,12,0.00543904304504395,200,3,17,0.00307202339172363,200,4,23,0.00363802909851074,200,5,32,0.00347900390625,200,6,35,0.0053560733795166,200,7,37,0.00416111946105957,200,8,23,0.00512504577636719
"V45",50,1,3,0.00230693817138672,50,2,9,0.000811100006103516,50,3,10,0.00134706497192383,50,4,9,0.000931978225708008,50,5,14,0.00139784812927246,50,6,14,0.00138211250305176,50,7,14,0.000804901123046875,50,8,16,0.000876903533935547,80,1,8,0.00437498092651367,80,2,13,0.00127387046813965,80,3,11,0.00220394134521484,80,4,20,0.00207781791687012,80,5,16,0.00227999687194824,80,6,27,0.00195813179016113,80,7,18,0.00224995613098145,80,8,17,0.00127816200256348,150,1,9,0.0039520263671875,150,2,14,0.00407290458679199,150,3,25,0.00397396087646484,150,4,40,0.00468111038208008,150,5,18,0.00362801551818848,150,6,20,0.00242090225219727,150,7,38,0.00520515441894531,150,8,25,0.00572586059570312,200,1,26,0.00347900390625,200,2,14,0.00785303115844727,200,3,31,0.00312995910644531,200,4,28,0.00312399864196777,200,5,32,0.00318408012390137,200,6,30,0.00746703147888184,200,7,42,0.00423002243041992,200,8,25,0.0127551555633545
"V46",50,1,5,0.00162887573242188,50,2,11,0.000802993774414062,50,3,8,0.00117897987365723,50,4,28,0.000799894332885742,50,5,12,0.00162100791931152,50,6,21,0.00136494636535645,50,7,12,0.000799894332885742,50,8,16,0.000889062881469727,80,1,13,0.00227999687194824,80,2,10,0.00173807144165039,80,3,16,0.00263714790344238,80,4,17,0.00129199028015137,80,5,15,0.0016319751739502,80,6,16,0.00127196311950684,80,7,19,0.0022270679473877,80,8,17,0.00152111053466797,150,1,11,0.00362706184387207,150,2,21,0.00398993492126465,150,3,15,0.0042269229888916,150,4,27,0.00393390655517578,150,5,22,0.00378990173339844,150,6,36,0.00598597526550293,150,7,32,0.00255393981933594,150,8,36,0.00412201881408691,200,1,41,0.00710105895996094,200,2,22,0.00430798530578613,200,3,20,0.00539684295654297,200,4,29,0.00442004203796387,200,5,30,0.0204010009765625,200,6,27,0.00778818130493164,200,7,49,0.00307106971740723,200,8,35,0.00542092323303223
"V47",50,1,6,0.00152993202209473,50,2,11,0.000808000564575195,50,3,15,0.00145316123962402,50,4,12,0.000795125961303711,50,5,14,0.00141501426696777,50,6,18,0.00135517120361328,50,7,19,0.000784873962402344,50,8,25,0.000882863998413086,80,1,6,0.00531101226806641,80,2,10,0.0026700496673584,80,3,14,0.00223278999328613,80,4,11,0.00239014625549316,80,5,18,0.00239181518554688,80,6,22,0.00125885009765625,80,7,27,0.00227189064025879,80,8,31,0.00436520576477051,150,1,16,0.00430989265441895,150,2,18,0.00563788414001465,150,3,17,0.0037999153137207,150,4,26,0.00491905212402344,150,5,24,0.0054929256439209,150,6,36,0.00237202644348145,150,7,30,0.00262999534606934,150,8,34,0.00269913673400879,200,1,10,0.0036618709564209,200,2,20,0.00319504737854004,200,3,15,0.00530910491943359,200,4,22,0.00401401519775391,200,5,38,0.00327897071838379,200,6,28,0.00360202789306641,200,7,26,0.00467896461486816,200,8,49,0.00553393363952637
"V48",50,1,10,0.00161218643188477,50,2,15,0.000802040100097656,50,3,13,0.00141787528991699,50,4,12,0.00117206573486328,50,5,11,0.00139594078063965,50,6,11,0.00139594078063965,50,7,17,0.000807046890258789,50,8,25,0.000883102416992188,80,1,11,0.00199198722839355,80,2,10,0.00222897529602051,80,3,19,0.00224208831787109,80,4,17,0.0021369457244873,80,5,14,0.00129508972167969,80,6,36,0.00212788581848145,80,7,27,0.00241208076477051,80,8,16,0.00220417976379395,150,1,12,0.00391101837158203,150,2,14,0.0028069019317627,150,3,21,0.00468897819519043,150,4,19,0.00357699394226074,150,5,25,0.00375986099243164,150,6,30,0.00231385231018066,150,7,36,0.00358891487121582,150,8,28,0.00415301322937012,200,1,20,0.004180908203125,200,2,23,0.00415301322937012,200,3,12,0.0034029483795166,200,4,30,0.0054168701171875,200,5,41,0.00314998626708984,200,6,40,0.00443100929260254,200,7,21,0.00534987449645996,200,8,37,0.00549507141113281
"V49",50,1,9,0.00104498863220215,50,2,6,0.000787973403930664,50,3,10,0.00141286849975586,50,4,7,0.00142288208007812,50,5,13,0.00138211250305176,50,6,14,0.00138497352600098,50,7,20,0.000792980194091797,50,8,21,0.000852108001708984,80,1,9,0.00212311744689941,80,2,13,0.00220179557800293,80,3,19,0.00286412239074707,80,4,23,0.00130796432495117,80,5,19,0.00218915939331055,80,6,17,0.00220608711242676,80,7,25,0.00227999687194824,80,8,19,0.00307989120483398,150,1,24,0.00262713432312012,150,2,31,0.00230002403259277,150,3,34,0.00400209426879883,150,4,18,0.00417995452880859,150,5,24,0.00346517562866211,150,6,35,0.00231790542602539,150,7,43,0.00234198570251465,150,8,26,0.00402712821960449,200,1,10,0.00532698631286621,200,2,24,0.00336503982543945,200,3,23,0.00364899635314941,200,4,18,0.0139179229736328,200,5,23,0.00486993789672852,200,6,32,0.004119873046875,200,7,34,0.00414514541625977,200,8,30,0.00457501411437988
"V50",50,1,4,0.00104498863220215,50,2,8,0.00146389007568359,50,3,12,0.00143313407897949,50,4,12,0.00141000747680664,50,5,10,0.00149393081665039,50,6,12,0.00138592720031738,50,7,19,0.000791072845458984,50,8,18,0.000897884368896484,80,1,5,0.00210309028625488,80,2,26,0.00173401832580566,80,3,14,0.00216913223266602,80,4,20,0.00264883041381836,80,5,14,0.0012509822845459,80,6,16,0.00200104713439941,80,7,16,0.00225019454956055,80,8,22,0.00129389762878418,150,1,17,0.00252604484558105,150,2,31,0.00234484672546387,150,3,26,0.00430417060852051,150,4,34,0.00234794616699219,150,5,18,0.00239086151123047,150,6,27,0.00232815742492676,150,7,33,0.0026860237121582,150,8,38,0.00280308723449707,200,1,18,0.00495386123657227,200,2,12,0.0032341480255127,200,3,34,0.00548291206359863,200,4,19,0.00544404983520508,200,5,41,0.00773096084594727,200,6,20,0.00581812858581543,200,7,28,0.00356507301330566,200,8,20,0.00305914878845215
"V51",50,1,9,0.0010678768157959,50,2,8,0.00142502784729004,50,3,10,0.00141310691833496,50,4,11,0.0013890266418457,50,5,14,0.00143098831176758,50,6,14,0.00103211402893066,50,7,30,0.000807046890258789,50,8,13,0.000851154327392578,80,1,17,0.00123190879821777,80,2,12,0.0012660026550293,80,3,10,0.00217509269714355,80,4,23,0.00168108940124512,80,5,16,0.00189208984375,80,6,18,0.00182509422302246,80,7,30,0.00223588943481445,80,8,21,0.00147509574890137,150,1,11,0.00226402282714844,150,2,16,0.00397801399230957,150,3,15,0.00357913970947266,150,4,22,0.00413084030151367,150,5,16,0.00405192375183105,150,6,25,0.00232815742492676,150,7,25,0.00372219085693359,150,8,56,0.00357913970947266,200,1,11,0.00667214393615723,200,2,17,0.0070340633392334,200,3,22,0.0063788890838623,200,4,17,0.00654101371765137,200,5,30,0.00304698944091797,200,6,28,0.00388383865356445,200,7,27,0.00475716590881348,200,8,35,0.00344586372375488
"V52",50,1,9,0.00101804733276367,50,2,4,0.00142192840576172,50,3,15,0.000818014144897461,50,4,7,0.00137090682983398,50,5,10,0.000877141952514648,50,6,15,0.000802993774414062,50,7,17,0.0014338493347168,50,8,15,0.000822067260742188,80,1,11,0.00336503982543945,80,2,11,0.00127911567687988,80,3,16,0.00539207458496094,80,4,15,0.00160694122314453,80,5,26,0.00240898132324219,80,6,27,0.00234508514404297,80,7,27,0.00329709053039551,80,8,19,0.00215601921081543,150,1,14,0.00417780876159668,150,2,15,0.00551700592041016,150,3,22,0.00591588020324707,150,4,30,0.0053708553314209,150,5,21,0.00594806671142578,150,6,28,0.00374197959899902,150,7,33,0.00411295890808105,150,8,37,0.00245285034179688,200,1,12,0.00314211845397949,200,2,26,0.00424909591674805,200,3,35,0.00527000427246094,200,4,26,0.00537919998168945,200,5,20,0.00311779975891113,200,6,32,0.00376701354980469,200,7,25,0.00465607643127441,200,8,32,0.00526094436645508
"V53",50,1,10,0.000998020172119141,50,2,7,0.00141096115112305,50,3,19,0.000798940658569336,50,4,14,0.00139284133911133,50,5,14,0.00143289566040039,50,6,10,0.000792026519775391,50,7,15,0.00145292282104492,50,8,12,0.00211405754089355,80,1,14,0.00212192535400391,80,2,22,0.00128889083862305,80,3,24,0.00220084190368652,80,4,14,0.00240087509155273,80,5,21,0.00182509422302246,80,6,27,0.0034480094909668,80,7,22,0.0022590160369873,80,8,22,0.00217509269714355,150,1,16,0.00588607788085938,150,2,31,0.00277209281921387,150,3,24,0.00419902801513672,150,4,19,0.00282406806945801,150,5,33,0.00398397445678711,150,6,32,0.00236105918884277,150,7,31,0.00407600402832031,150,8,35,0.00316905975341797,200,1,8,0.00419497489929199,200,2,18,0.0030829906463623,200,3,26,0.00351405143737793,200,4,34,0.00526809692382812,200,5,31,0.00516605377197266,200,6,19,0.00723719596862793,200,7,40,0.00390887260437012,200,8,58,0.00703597068786621
"V54",50,1,10,0.00177311897277832,50,2,6,0.00145101547241211,50,3,19,0.000815868377685547,50,4,9,0.00145506858825684,50,5,18,0.00136303901672363,50,6,12,0.00115609169006348,50,7,18,0.00319600105285645,50,8,14,0.000859975814819336,80,1,15,0.00216221809387207,80,2,24,0.00423288345336914,80,3,11,0.00312995910644531,80,4,13,0.00247693061828613,80,5,31,0.00154900550842285,80,6,18,0.00143003463745117,80,7,21,0.00225996971130371,80,8,24,0.00217914581298828,150,1,10,0.00264716148376465,150,2,16,0.00402092933654785,150,3,11,0.00287294387817383,150,4,30,0.00231790542602539,150,5,18,0.00399422645568848,150,6,32,0.00233912467956543,150,7,31,0.00269103050231934,150,8,25,0.00410795211791992,200,1,17,0.00547504425048828,200,2,13,0.00312590599060059,200,3,40,0.00479912757873535,200,4,21,0.00315189361572266,200,5,28,0.00654101371765137,200,6,42,0.00816106796264648,200,7,33,0.00430703163146973,200,8,31,0.00545692443847656
"V55",50,1,4,0.00228404998779297,50,2,16,0.00172996520996094,50,3,11,0.000798940658569336,50,4,15,0.000864028930664062,50,5,19,0.00100183486938477,50,6,18,0.00316905975341797,50,7,16,0.00139188766479492,50,8,21,0.000848054885864258,80,1,10,0.00212597846984863,80,2,10,0.00233006477355957,80,3,15,0.00250387191772461,80,4,17,0.00256896018981934,80,5,13,0.00204777717590332,80,6,23,0.00239205360412598,80,7,21,0.00154495239257812,80,8,19,0.00224614143371582,150,1,22,0.00393104553222656,150,2,24,0.00315999984741211,150,3,23,0.002655029296875,150,4,22,0.00269889831542969,150,5,24,0.00668907165527344,150,6,26,0.00297999382019043,150,7,28,0.00237488746643066,150,8,28,0.00429892539978027,200,1,21,0.00471782684326172,200,2,28,0.00602602958679199,200,3,21,0.00722312927246094,200,4,20,0.00635695457458496,200,5,59,0.00323700904846191,200,6,22,0.0054781436920166,200,7,27,0.00537991523742676,200,8,42,0.00556397438049316
"V56",50,1,12,0.00174307823181152,50,2,9,0.00140500068664551,50,3,6,0.000796079635620117,50,4,13,0.000799894332885742,50,5,13,0.00488495826721191,50,6,16,0.00140810012817383,50,7,16,0.00135111808776855,50,8,20,0.00143885612487793,80,1,6,0.0027010440826416,80,2,12,0.00242495536804199,80,3,14,0.00415396690368652,80,4,16,0.00220608711242676,80,5,16,0.00155496597290039,80,6,14,0.00134611129760742,80,7,18,0.00125312805175781,80,8,21,0.00224590301513672,150,1,19,0.00238204002380371,150,2,12,0.00231003761291504,150,3,15,0.00434184074401855,150,4,22,0.00233983993530273,150,5,29,0.00342988967895508,150,6,24,0.00399994850158691,150,7,15,0.00243020057678223,150,8,28,0.00347495079040527,200,1,24,0.00480103492736816,200,2,14,0.00537991523742676,200,3,19,0.00381112098693848,200,4,14,0.00533509254455566,200,5,39,0.00338983535766602,200,6,33,0.00515294075012207,200,7,41,0.00462794303894043,200,8,26,0.00582504272460938
"V57",50,1,12,0.00231409072875977,50,2,10,0.00142407417297363,50,3,8,0.000837087631225586,50,4,14,0.00189495086669922,50,5,14,0.000813961029052734,50,6,16,0.000917911529541016,50,7,15,0.00134515762329102,50,8,28,0.00142502784729004,80,1,18,0.00120997428894043,80,2,9,0.00211501121520996,80,3,9,0.00270295143127441,80,4,15,0.0022430419921875,80,5,24,0.00170612335205078,80,6,21,0.00125408172607422,80,7,16,0.0013120174407959,80,8,16,0.00227594375610352,150,1,12,0.00393891334533691,150,2,22,0.0023951530456543,150,3,19,0.00406599044799805,150,4,26,0.00238204002380371,150,5,28,0.00348806381225586,150,6,28,0.00509190559387207,150,7,41,0.00451898574829102,150,8,41,0.00240516662597656,200,1,15,0.00515890121459961,200,2,21,0.00542116165161133,200,3,20,0.0031440258026123,200,4,21,0.00443601608276367,200,5,24,0.00441503524780273,200,6,22,0.00528907775878906,200,7,44,0.00308012962341309,200,8,31,0.00452399253845215
"V58",50,1,10,0.00672316551208496,50,2,10,0.00306010246276855,50,3,13,0.00242304801940918,50,4,16,0.000802993774414062,50,5,12,0.000790119171142578,50,6,16,0.000796079635620117,50,7,11,0.00135493278503418,50,8,12,0.00142693519592285,80,1,36,0.00124382972717285,80,2,11,0.00217199325561523,80,3,16,0.00124216079711914,80,4,15,0.00236105918884277,80,5,14,0.00390505790710449,80,6,30,0.0012509822845459,80,7,35,0.00216913223266602,80,8,28,0.00217294692993164,150,1,17,0.00537991523742676,150,2,17,0.0036919116973877,150,3,22,0.00592803955078125,150,4,27,0.00603604316711426,150,5,15,0.00586700439453125,150,6,41,0.00243496894836426,150,7,22,0.00402522087097168,150,8,43,0.00325298309326172,200,1,16,0.0053560733795166,200,2,17,0.00354599952697754,200,3,27,0.00529003143310547,200,4,18,0.00545310974121094,200,5,39,0.00549006462097168,200,6,27,0.00684595108032227,200,7,29,0.00615191459655762,200,8,34,0.00498795509338379
"V59",50,1,5,0.00132894515991211,50,2,10,0.00141620635986328,50,3,8,0.00123310089111328,50,4,8,0.000783920288085938,50,5,9,0.00100207328796387,50,6,12,0.000792026519775391,50,7,14,0.00137901306152344,50,8,20,0.00144195556640625,80,1,16,0.00143790245056152,80,2,8,0.0118191242218018,80,3,9,0.00170278549194336,80,4,15,0.00164914131164551,80,5,22,0.00238394737243652,80,6,11,0.00125503540039062,80,7,21,0.00217819213867188,80,8,19,0.00144815444946289,150,1,7,0.00227093696594238,150,2,13,0.00397109985351562,150,3,15,0.00289702415466309,150,4,30,0.00411796569824219,150,5,24,0.00412917137145996,150,6,27,0.0030970573425293,150,7,36,0.0117919445037842,150,8,44,0.00400495529174805,200,1,10,0.0142338275909424,200,2,25,0.0059199333190918,200,3,20,0.00713491439819336,200,4,18,0.00571703910827637,200,5,32,0.00975894927978516,200,6,19,0.00484108924865723,200,7,40,0.00303387641906738,200,8,38,0.00542402267456055
"V60",50,1,6,0.00132584571838379,50,2,13,0.000793933868408203,50,3,7,0.000799179077148438,50,4,6,0.00078892707824707,50,5,12,0.000803947448730469,50,6,15,0.000792026519775391,50,7,19,0.00134992599487305,50,8,22,0.00142407417297363,80,1,9,0.00122690200805664,80,2,18,0.00219607353210449,80,3,26,0.00286483764648438,80,4,27,0.00356817245483398,80,5,11,0.00124597549438477,80,6,15,0.00143218040466309,80,7,28,0.00135397911071777,80,8,19,0.00577592849731445,150,1,10,0.00226402282714844,150,2,24,0.00693488121032715,150,3,23,0.00263285636901855,150,4,37,0.00374102592468262,150,5,31,0.00352287292480469,150,6,12,0.00402092933654785,150,7,32,0.00279402732849121,150,8,28,0.00394105911254883,200,1,12,0.00533509254455566,200,2,21,0.00308394432067871,200,3,20,0.00445389747619629,200,4,24,0.00320696830749512,200,5,26,0.00309109687805176,200,6,35,0.00516009330749512,200,7,44,0.00314497947692871,200,8,35,0.00396108627319336
"V61",50,1,7,0.000774860382080078,50,2,9,0.000782966613769531,50,3,7,0.000782012939453125,50,4,19,0.00084686279296875,50,5,19,0.000792980194091797,50,6,13,0.00131988525390625,50,7,20,0.000975131988525391,50,8,22,0.0014650821685791,80,1,10,0.00129795074462891,80,2,15,0.00227499008178711,80,3,15,0.00222992897033691,80,4,16,0.00221896171569824,80,5,19,0.00127196311950684,80,6,17,0.00123500823974609,80,7,14,0.00128412246704102,80,8,18,0.00127482414245605,150,1,15,0.00235104560852051,150,2,36,0.00234413146972656,150,3,12,0.00397396087646484,150,4,28,0.00473403930664062,150,5,21,0.00234007835388184,150,6,32,0.00464582443237305,150,7,26,0.00240898132324219,150,8,28,0.00405383110046387,200,1,15,0.00532412528991699,200,2,19,0.00342082977294922,200,3,25,0.00369405746459961,200,4,41,0.00310516357421875,200,5,30,0.00347995758056641,200,6,22,0.00340390205383301,200,7,22,0.00319314002990723,200,8,33,0.00307488441467285
"V62",50,1,5,0.000782012939453125,50,2,6,0.000786066055297852,50,3,9,0.000797033309936523,50,4,9,0.000802993774414062,50,5,19,0.000804901123046875,50,6,14,0.00139093399047852,50,7,13,0.000815153121948242,50,8,15,0.000800132751464844,80,1,19,0.00123214721679688,80,2,13,0.00124597549438477,80,3,14,0.00495195388793945,80,4,13,0.0018000602722168,80,5,14,0.00125718116760254,80,6,22,0.00126910209655762,80,7,23,0.00249505043029785,80,8,18,0.00184106826782227,150,1,23,0.00231003761291504,150,2,18,0.00250101089477539,150,3,21,0.00273895263671875,150,4,20,0.00420618057250977,150,5,28,0.00353407859802246,150,6,32,0.00234889984130859,150,7,26,0.00466394424438477,150,8,38,0.0035099983215332,200,1,15,0.00534987449645996,200,2,24,0.00542783737182617,200,3,19,0.00527119636535645,200,4,42,0.00375699996948242,200,5,26,0.00324583053588867,200,6,30,0.00549888610839844,200,7,21,0.00421380996704102,200,8,24,0.00519490242004395
"V63",50,1,10,0.000784873962402344,50,2,11,0.000803947448730469,50,3,14,0.000783920288085938,50,4,11,0.00080108642578125,50,5,12,0.000796079635620117,50,6,8,0.00139594078063965,50,7,15,0.000783920288085938,50,8,17,0.000818967819213867,80,1,8,0.00130605697631836,80,2,9,0.00125217437744141,80,3,22,0.00237703323364258,80,4,21,0.00144696235656738,80,5,14,0.00128889083862305,80,6,16,0.00227999687194824,80,7,20,0.00134086608886719,80,8,20,0.00220513343811035,150,1,24,0.00224018096923828,150,2,15,0.00469779968261719,150,3,20,0.00252008438110352,150,4,12,0.00399303436279297,150,5,25,0.00529289245605469,150,6,26,0.0055239200592041,150,7,42,0.00402593612670898,150,8,32,0.00238609313964844,200,1,22,0.00449490547180176,200,2,29,0.0054469108581543,200,3,18,0.00611019134521484,200,4,28,0.00396299362182617,200,5,27,0.00753998756408691,200,6,20,0.0047910213470459,200,7,32,0.00304007530212402,200,8,39,0.0030360221862793
"V64",50,1,11,0.0010521411895752,50,2,12,0.000787019729614258,50,3,18,0.000808000564575195,50,4,17,0.000794887542724609,50,5,13,0.00078892707824707,50,6,12,0.000802993774414062,50,7,19,0.000810861587524414,50,8,11,0.000807046890258789,80,1,16,0.00131797790527344,80,2,12,0.00248599052429199,80,3,12,0.00187802314758301,80,4,22,0.00192713737487793,80,5,16,0.00226616859436035,80,6,16,0.00247693061828613,80,7,32,0.00127696990966797,80,8,17,0.00182914733886719,150,1,40,0.00516414642333984,150,2,12,0.00592589378356934,150,3,24,0.00548505783081055,150,4,28,0.00411891937255859,150,5,26,0.00415611267089844,150,6,26,0.0042269229888916,150,7,26,0.00423097610473633,150,8,42,0.00232410430908203,200,1,26,0.00308918952941895,200,2,24,0.0037391185760498,200,3,31,0.00324487686157227,200,4,34,0.00294709205627441,200,5,22,0.00536203384399414,200,6,32,0.00473499298095703,200,7,44,0.00310897827148438,200,8,37,0.00326991081237793
"V65",50,1,5,0.00100398063659668,50,2,10,0.000786066055297852,50,3,10,0.000799894332885742,50,4,11,0.000779867172241211,50,5,10,0.000792980194091797,50,6,15,0.000811100006103516,50,7,13,0.000802993774414062,50,8,15,0.000792980194091797,80,1,9,0.00123500823974609,80,2,13,0.00181984901428223,80,3,10,0.00118207931518555,80,4,18,0.00128698348999023,80,5,25,0.00216794013977051,80,6,18,0.0039818286895752,80,7,19,0.00138998031616211,80,8,22,0.00126910209655762,150,1,7,0.00399613380432129,150,2,16,0.00255203247070312,150,3,32,0.00411891937255859,150,4,40,0.00288009643554688,150,5,19,0.00244307518005371,150,6,20,0.00329017639160156,150,7,26,0.00400400161743164,150,8,32,0.00371694564819336,200,1,16,0.00324416160583496,200,2,13,0.00303912162780762,200,3,17,0.00310993194580078,200,4,37,0.00562882423400879,200,5,22,0.00545716285705566,200,6,44,0.00307703018188477,200,7,39,0.00583600997924805,200,8,33,0.00314807891845703
"V66",50,1,13,0.00106906890869141,50,2,15,0.000787019729614258,50,3,5,0.000782012939453125,50,4,14,0.00077509880065918,50,5,13,0.000816822052001953,50,6,19,0.000806093215942383,50,7,14,0.00109386444091797,50,8,16,0.00135493278503418,80,1,5,0.00213098526000977,80,2,15,0.0012509822845459,80,3,10,0.00116419792175293,80,4,17,0.00168108940124512,80,5,12,0.00230216979980469,80,6,18,0.00220298767089844,80,7,18,0.00218987464904785,80,8,21,0.00142312049865723,150,1,26,0.00336098670959473,150,2,21,0.00232315063476562,150,3,19,0.00491809844970703,150,4,23,0.00231313705444336,150,5,29,0.00220084190368652,150,6,30,0.00418615341186523,150,7,29,0.00414109230041504,150,8,38,0.0041201114654541,200,1,28,0.00303196907043457,200,2,22,0.00321698188781738,200,3,26,0.00313591957092285,200,4,24,0.0045928955078125,200,5,18,0.00487303733825684,200,6,30,0.00307798385620117,200,7,29,0.00440096855163574,200,8,24,0.00391793251037598
"V67",50,1,4,0.000982046127319336,50,2,11,0.000777006149291992,50,3,13,0.000840187072753906,50,4,8,0.000974893569946289,50,5,16,0.00112104415893555,50,6,13,0.000789880752563477,50,7,16,0.00077509880065918,50,8,14,0.00144696235656738,80,1,8,0.0015418529510498,80,2,19,0.00123906135559082,80,3,18,0.0012509822845459,80,4,16,0.00185012817382812,80,5,18,0.00218105316162109,80,6,20,0.0012810230255127,80,7,18,0.00181198120117188,80,8,14,0.00120019912719727,150,1,18,0.00224709510803223,150,2,11,0.00230693817138672,150,3,17,0.00411009788513184,150,4,25,0.00243520736694336,150,5,22,0.00302004814147949,150,6,31,0.00310206413269043,150,7,31,0.00261688232421875,150,8,51,0.00462198257446289,200,1,13,0.00358319282531738,200,2,30,0.00315213203430176,200,3,26,0.0031440258026123,200,4,26,0.00466489791870117,200,5,22,0.00420284271240234,200,6,28,0.00415706634521484,200,7,45,0.00380301475524902,200,8,31,0.00284600257873535
"V68",50,1,7,0.00172901153564453,50,2,11,0.00147795677185059,50,3,16,0.00143599510192871,50,4,25,0.00143289566040039,50,5,11,0.00144314765930176,50,6,12,0.00144100189208984,50,7,15,0.00144600868225098,50,8,18,0.00144600868225098,80,1,8,0.0012669563293457,80,2,17,0.00222182273864746,80,3,8,0.00225400924682617,80,4,12,0.0024869441986084,80,5,28,0.00225996971130371,80,6,21,0.00221681594848633,80,7,16,0.00130987167358398,80,8,21,0.00151395797729492,150,1,27,0.00397396087646484,150,2,17,0.00405287742614746,150,3,19,0.00409913063049316,150,4,24,0.00369977951049805,150,5,34,0.00404906272888184,150,6,34,0.00407910346984863,150,7,25,0.00382399559020996,150,8,39,0.0028071403503418,200,1,9,0.00539207458496094,200,2,38,0.00541996955871582,200,3,19,0.00757193565368652,200,4,15,0.00539207458496094,200,5,33,0.00548219680786133,200,6,41,0.00813698768615723,200,7,38,0.00533699989318848,200,8,22,0.0070950984954834
"V69",50,1,14,0.00408792495727539,50,2,8,0.00142598152160645,50,3,12,0.00140690803527832,50,4,14,0.00141406059265137,50,5,13,0.00143599510192871,50,6,16,0.00143599510192871,50,7,10,0.00147199630737305,50,8,22,0.0014491081237793,80,1,6,0.00124096870422363,80,2,7,0.00219202041625977,80,3,14,0.00243401527404785,80,4,28,0.00130105018615723,80,5,12,0.00336313247680664,80,6,17,0.00228714942932129,80,7,14,0.00125694274902344,80,8,18,0.00129413604736328,150,1,29,0.00566315650939941,150,2,19,0.00440692901611328,150,3,31,0.00409579277038574,150,4,26,0.00245404243469238,150,5,21,0.00585389137268066,150,6,21,0.00404882431030273,150,7,28,0.00236701965332031,150,8,22,0.00462889671325684,200,1,11,0.00442695617675781,200,2,17,0.00590705871582031,200,3,18,0.00806903839111328,200,4,16,0.00699901580810547,200,5,16,0.00360298156738281,200,6,19,0.00548100471496582,200,7,37,0.00513505935668945,200,8,45,0.0054161548614502
"V70",50,1,13,0.00157594680786133,50,2,12,0.00141716003417969,50,3,13,0.00141501426696777,50,4,17,0.00141406059265137,50,5,15,0.00145292282104492,50,6,16,0.000945091247558594,50,7,14,0.00142312049865723,50,8,18,0.00143313407897949,80,1,10,0.00124812126159668,80,2,17,0.00222206115722656,80,3,26,0.0022120475769043,80,4,10,0.00336313247680664,80,5,26,0.00139212608337402,80,6,17,0.00224113464355469,80,7,26,0.00127601623535156,80,8,26,0.00128912925720215,150,1,7,0.0105929374694824,150,2,20,0.00491905212402344,150,3,20,0.00411009788513184,150,4,17,0.0023798942565918,150,5,17,0.00283312797546387,150,6,21,0.00569295883178711,150,7,38,0.00717496871948242,150,8,30,0.00510787963867188,200,1,15,0.00420403480529785,200,2,25,0.00548696517944336,200,3,28,0.00403189659118652,200,4,31,0.00556302070617676,200,5,40,0.00456404685974121,200,6,36,0.00558710098266602,200,7,31,0.00407910346984863,200,8,39,0.00533390045166016
"V71",50,1,10,0.00192594528198242,50,2,6,0.00143790245056152,50,3,12,0.00145888328552246,50,4,14,0.00142598152160645,50,5,16,0.00144314765930176,50,6,18,0.000813007354736328,50,7,13,0.00145697593688965,50,8,18,0.00113892555236816,80,1,13,0.00123000144958496,80,2,16,0.0020449161529541,80,3,12,0.00459480285644531,80,4,14,0.00305795669555664,80,5,19,0.00141382217407227,80,6,31,0.0018761157989502,80,7,17,0.00128412246704102,80,8,21,0.0012969970703125,150,1,11,0.0069420337677002,150,2,20,0.00782299041748047,150,3,15,0.00406813621520996,150,4,26,0.00432610511779785,150,5,25,0.0042111873626709,150,6,37,0.00400996208190918,150,7,25,0.0040290355682373,150,8,31,0.00411891937255859,200,1,34,0.0030977725982666,200,2,14,0.0040900707244873,200,3,16,0.00675511360168457,200,4,23,0.00572991371154785,200,5,24,0.00320911407470703,200,6,34,0.00690793991088867,200,7,43,0.00475502014160156,200,8,44,0.0064399242401123
"V72",50,1,7,0.00195097923278809,50,2,9,0.0014951229095459,50,3,14,0.00139307975769043,50,4,17,0.00146794319152832,50,5,18,0.00132989883422852,50,6,13,0.000809907913208008,50,7,14,0.00120091438293457,50,8,18,0.000798940658569336,80,1,15,0.00124406814575195,80,2,14,0.00323700904846191,80,3,10,0.00225186347961426,80,4,15,0.00164890289306641,80,5,17,0.00298690795898438,80,6,17,0.00224089622497559,80,7,20,0.00127911567687988,80,8,19,0.00130295753479004,150,1,14,0.00390100479125977,150,2,16,0.00609803199768066,150,3,21,0.00267291069030762,150,4,16,0.00437116622924805,150,5,16,0.00308895111083984,150,6,38,0.00933289527893066,150,7,34,0.00242185592651367,150,8,38,0.00253605842590332,200,1,20,0.00438404083251953,200,2,29,0.00490307807922363,200,3,27,0.00316691398620605,200,4,35,0.00491499900817871,200,5,27,0.0031888484954834,200,6,22,0.00528693199157715,200,7,21,0.00537514686584473,200,8,30,0.00417900085449219
"V73",50,1,5,0.00466585159301758,50,2,15,0.00154805183410645,50,3,11,0.00121402740478516,50,4,18,0.00262904167175293,50,5,14,0.00424289703369141,50,6,20,0.000806093215942383,50,7,18,0.00138711929321289,50,8,13,0.000797033309936523,80,1,6,0.00123286247253418,80,2,16,0.00214695930480957,80,3,11,0.00218796730041504,80,4,12,0.00156998634338379,80,5,20,0.00127601623535156,80,6,28,0.00226092338562012,80,7,22,0.00146722793579102,80,8,24,0.00907683372497559,150,1,7,0.00935983657836914,150,2,15,0.00393104553222656,150,3,30,0.00567197799682617,150,4,15,0.00324201583862305,150,5,20,0.00298905372619629,150,6,33,0.00396108627319336,150,7,27,0.00578999519348145,150,8,30,0.00250816345214844,200,1,20,0.00522613525390625,200,2,17,0.00314497947692871,200,3,23,0.00517511367797852,200,4,23,0.00310206413269043,200,5,24,0.00494885444641113,200,6,44,0.00385403633117676,200,7,31,0.00527715682983398,200,8,41,0.00531196594238281
"V74",50,1,10,0.00513195991516113,50,2,7,0.00186395645141602,50,3,13,0.0014190673828125,50,4,14,0.00157999992370605,50,5,13,0.00141787528991699,50,6,19,0.000808954238891602,50,7,17,0.00148296356201172,50,8,16,0.00108695030212402,80,1,7,0.0027618408203125,80,2,8,0.00228285789489746,80,3,15,0.0023341178894043,80,4,13,0.00128388404846191,80,5,17,0.00127220153808594,80,6,16,0.00222897529602051,80,7,25,0.00428509712219238,80,8,24,0.00331687927246094,150,1,13,0.00402498245239258,150,2,23,0.00232410430908203,150,3,18,0.00393915176391602,150,4,14,0.00350213050842285,150,5,23,0.00498795509338379,150,6,28,0.00417613983154297,150,7,31,0.00437593460083008,150,8,35,0.00237298011779785,200,1,9,0.0133788585662842,200,2,21,0.00391197204589844,200,3,33,0.00532221794128418,200,4,13,0.0054008960723877,200,5,19,0.00711297988891602,200,6,34,0.00477004051208496,200,7,33,0.00334382057189941,200,8,39,0.00535202026367188
"V75",50,1,8,0.0116920471191406,50,2,11,0.00174093246459961,50,3,22,0.00142002105712891,50,4,13,0.00148606300354004,50,5,14,0.00140714645385742,50,6,15,0.00433993339538574,50,7,10,0.00143194198608398,50,8,11,0.00141310691833496,80,1,12,0.00122690200805664,80,2,11,0.00163912773132324,80,3,18,0.0021970272064209,80,4,27,0.00230598449707031,80,5,24,0.0012810230255127,80,6,17,0.0019228458404541,80,7,20,0.00129008293151855,80,8,16,0.00243902206420898,150,1,10,0.00787210464477539,150,2,16,0.0023810863494873,150,3,14,0.0041038990020752,150,4,14,0.00233697891235352,150,5,12,0.00603199005126953,150,6,23,0.00520920753479004,150,7,34,0.00356197357177734,150,8,36,0.00352287292480469,200,1,12,0.00613784790039062,200,2,14,0.0055549144744873,200,3,15,0.00508618354797363,200,4,28,0.00310301780700684,200,5,16,0.00547194480895996,200,6,44,0.0069878101348877,200,7,38,0.00311899185180664,200,8,33,0.00545001029968262
"V76",50,1,7,0.00141000747680664,50,2,12,0.00318288803100586,50,3,19,0.0014491081237793,50,4,13,0.00146389007568359,50,5,18,0.00141096115112305,50,6,14,0.00102114677429199,50,7,16,0.00143694877624512,50,8,14,0.00141406059265137,80,1,7,0.00121498107910156,80,2,8,0.00128698348999023,80,3,18,0.00220394134521484,80,4,22,0.00240588188171387,80,5,14,0.00146389007568359,80,6,25,0.00130105018615723,80,7,26,0.00399589538574219,80,8,17,0.00218796730041504,150,1,24,0.00368905067443848,150,2,10,0.00235295295715332,150,3,19,0.00335788726806641,150,4,22,0.00266194343566895,150,5,17,0.00362586975097656,150,6,25,0.00407505035400391,150,7,22,0.00352692604064941,150,8,32,0.00698113441467285,200,1,12,0.00299382209777832,200,2,16,0.00585603713989258,200,3,18,0.00530600547790527,200,4,19,0.00333714485168457,200,5,28,0.00430011749267578,200,6,35,0.00542998313903809,200,7,35,0.00415396690368652,200,8,39,0.00748014450073242
"V77",50,1,5,0.00177407264709473,50,2,9,0.000800132751464844,50,3,16,0.00289201736450195,50,4,18,0.00242114067077637,50,5,21,0.00157999992370605,50,6,12,0.000813961029052734,50,7,19,0.00147509574890137,50,8,16,0.0014350414276123,80,1,7,0.00122880935668945,80,2,9,0.00131797790527344,80,3,10,0.0025629997253418,80,4,12,0.0012969970703125,80,5,22,0.00919389724731445,80,6,10,0.00129103660583496,80,7,16,0.00241494178771973,80,8,14,0.00136303901672363,150,1,11,0.00227093696594238,150,2,12,0.00478601455688477,150,3,26,0.0040290355682373,150,4,26,0.00385904312133789,150,5,24,0.00423812866210938,150,6,24,0.00326299667358398,150,7,39,0.00349998474121094,150,8,34,0.00278902053833008,200,1,18,0.00511717796325684,200,2,16,0.0035698413848877,200,3,24,0.00623393058776855,200,4,45,0.00548505783081055,200,5,28,0.00513005256652832,200,6,20,0.0055239200592041,200,7,44,0.00437307357788086,200,8,38,0.00537586212158203
"V78",50,1,6,0.00141501426696777,50,2,13,0.00078892707824707,50,3,17,0.00142598152160645,50,4,7,0.000905036926269531,50,5,22,0.00275087356567383,50,6,12,0.00191998481750488,50,7,20,0.00234484672546387,50,8,20,0.00312304496765137,80,1,9,0.00135397911071777,80,2,10,0.00130200386047363,80,3,12,0.00226211547851562,80,4,15,0.00154590606689453,80,5,29,0.00221896171569824,80,6,20,0.00318694114685059,80,7,19,0.0029609203338623,80,8,22,0.00125718116760254,150,1,20,0.0022280216217041,150,2,19,0.00413894653320312,150,3,9,0.00377202033996582,150,4,23,0.00297093391418457,150,5,38,0.00406408309936523,150,6,22,0.00411701202392578,150,7,43,0.00562381744384766,150,8,34,0.00320816040039062,200,1,14,0.0031130313873291,200,2,14,0.00954794883728027,200,3,21,0.00309586524963379,200,4,25,0.00584006309509277,200,5,24,0.00532197952270508,200,6,20,0.00542998313903809,200,7,23,0.00539112091064453,200,8,44,0.00307297706604004
"V79",50,1,4,0.00179886817932129,50,2,10,0.000935077667236328,50,3,10,0.00145506858825684,50,4,13,0.000789880752563477,50,5,10,0.000838041305541992,50,6,15,0.000999927520751953,50,7,20,0.000806093215942383,50,8,14,0.00146007537841797,80,1,6,0.00167012214660645,80,2,14,0.00132489204406738,80,3,16,0.00225114822387695,80,4,18,0.00219988822937012,80,5,20,0.00220298767089844,80,6,19,0.00129890441894531,80,7,16,0.00215792655944824,80,8,23,0.00127387046813965,150,1,20,0.0039680004119873,150,2,13,0.00314998626708984,150,3,18,0.00243711471557617,150,4,18,0.00491905212402344,150,5,39,0.0032041072845459,150,6,33,0.00399398803710938,150,7,23,0.0040900707244873,150,8,26,0.0034940242767334,200,1,21,0.00423693656921387,200,2,26,0.00331211090087891,200,3,12,0.00882911682128906,200,4,25,0.00316095352172852,200,5,40,0.00726199150085449,200,6,28,0.00821304321289062,200,7,34,0.00532793998718262,200,8,37,0.00363683700561523
"V80",50,1,5,0.00142407417297363,50,2,7,0.00142598152160645,50,3,15,0.00142002105712891,50,4,10,0.000793933868408203,50,5,13,0.000805139541625977,50,6,25,0.000792980194091797,50,7,19,0.000794887542724609,50,8,17,0.00139904022216797,80,1,7,0.00218510627746582,80,2,8,0.00135993957519531,80,3,22,0.00240302085876465,80,4,20,0.00213479995727539,80,5,26,0.00358295440673828,80,6,17,0.00150918960571289,80,7,33,0.00126194953918457,80,8,22,0.00128316879272461,150,1,12,0.00395393371582031,150,2,28,0.00234794616699219,150,3,22,0.00331282615661621,150,4,24,0.00432395935058594,150,5,22,0.00362801551818848,150,6,22,0.00409507751464844,150,7,34,0.00398802757263184,150,8,38,0.00630497932434082,200,1,13,0.00412201881408691,200,2,18,0.00454497337341309,200,3,21,0.00323581695556641,200,4,14,0.0031120777130127,200,5,36,0.00873303413391113,200,6,39,0.00306892395019531,200,7,36,0.0071408748626709,200,8,20,0.0057528018951416
"V81",50,1,5,0.00137519836425781,50,2,8,0.00141811370849609,50,3,12,0.00141000747680664,50,4,8,0.000787019729614258,50,5,7,0.000792980194091797,50,6,13,0.000787973403930664,50,7,20,0.000790119171142578,50,8,25,0.00142312049865723,80,1,14,0.00217914581298828,80,2,11,0.00151801109313965,80,3,14,0.00155782699584961,80,4,13,0.00249099731445312,80,5,21,0.00149393081665039,80,6,20,0.0022270679473877,80,7,22,0.00127100944519043,80,8,18,0.00133895874023438,150,1,13,0.00403714179992676,150,2,16,0.00233793258666992,150,3,18,0.00413203239440918,150,4,19,0.00565004348754883,150,5,19,0.00277185440063477,150,6,28,0.00581598281860352,150,7,25,0.00561690330505371,150,8,25,0.00404810905456543,200,1,12,0.00353598594665527,200,2,17,0.00314998626708984,200,3,34,0.00657987594604492,200,4,31,0.00520181655883789,200,5,32,0.00585389137268066,200,6,34,0.00498819351196289,200,7,31,0.00537300109863281,200,8,46,0.00354218482971191
"V82",50,1,6,0.00147390365600586,50,2,12,0.00142097473144531,50,3,16,0.00143885612487793,50,4,8,0.000781774520874023,50,5,24,0.00079798698425293,50,6,9,0.00087285041809082,50,7,14,0.00078892707824707,50,8,17,0.00141501426696777,80,1,6,0.00221395492553711,80,2,10,0.0013129711151123,80,3,20,0.00242090225219727,80,4,15,0.00271892547607422,80,5,13,0.00223803520202637,80,6,23,0.0016930103302002,80,7,15,0.00128698348999023,80,8,17,0.0016629695892334,150,1,18,0.0046539306640625,150,2,27,0.00231313705444336,150,3,25,0.00412297248840332,150,4,16,0.00233602523803711,150,5,27,0.00408196449279785,150,6,15,0.00406193733215332,150,7,26,0.0040428638458252,150,8,29,0.00356912612915039,200,1,10,0.00306296348571777,200,2,18,0.00496506690979004,200,3,36,0.0033259391784668,200,4,45,0.00618195533752441,200,5,21,0.00534510612487793,200,6,21,0.00553393363952637,200,7,36,0.00543689727783203,200,8,35,0.00545692443847656
"V83",50,1,8,0.00145196914672852,50,2,9,0.00139188766479492,50,3,17,0.0014500617980957,50,4,17,0.000794887542724609,50,5,12,0.000844001770019531,50,6,22,0.000794887542724609,50,7,19,0.00113892555236816,50,8,18,0.00139498710632324,80,1,15,0.00208497047424316,80,2,13,0.0154998302459717,80,3,12,0.00134015083312988,80,4,24,0.00239706039428711,80,5,16,0.00241208076477051,80,6,28,0.0012660026550293,80,7,20,0.00187802314758301,80,8,22,0.00131082534790039,150,1,23,0.00403881072998047,150,2,24,0.00352191925048828,150,3,20,0.00373506546020508,150,4,22,0.00237202644348145,150,5,14,0.00410199165344238,150,6,22,0.00396203994750977,150,7,30,0.00412702560424805,150,8,21,0.00319504737854004,200,1,20,0.00440692901611328,200,2,26,0.00495409965515137,200,3,31,0.00308489799499512,200,4,29,0.00468802452087402,200,5,36,0.00558209419250488,200,6,21,0.00717616081237793,200,7,36,0.00429987907409668,200,8,26,0.00442790985107422
"V84",50,1,4,0.00143599510192871,50,2,9,0.0014500617980957,50,3,10,0.00137996673583984,50,4,11,0.000795125961303711,50,5,20,0.00146198272705078,50,6,16,0.000817060470581055,50,7,22,0.00147819519042969,50,8,9,0.00136399269104004,80,1,10,0.00232601165771484,80,2,16,0.00129389762878418,80,3,10,0.00255894660949707,80,4,11,0.00319099426269531,80,5,18,0.00228404998779297,80,6,24,0.00128293037414551,80,7,20,0.00223517417907715,80,8,18,0.00129508972167969,150,1,28,0.00242900848388672,150,2,19,0.00231218338012695,150,3,15,0.00677108764648438,150,4,19,0.00286602973937988,150,5,18,0.00267601013183594,150,6,30,0.00256896018981934,150,7,36,0.00403404235839844,150,8,28,0.00401806831359863,200,1,32,0.00306487083435059,200,2,17,0.00703692436218262,200,3,18,0.00319600105285645,200,4,23,0.00539398193359375,200,5,22,0.00312209129333496,200,6,47,0.00539016723632812,200,7,36,0.00687408447265625,200,8,41,0.00314617156982422
"V85",50,1,12,0.00155091285705566,50,2,6,0.00142192840576172,50,3,14,0.0013880729675293,50,4,12,0.000789880752563477,50,5,14,0.00253605842590332,50,6,15,0.000796079635620117,50,7,15,0.00146293640136719,50,8,17,0.00142908096313477,80,1,8,0.00123906135559082,80,2,13,0.00196695327758789,80,3,20,0.00271415710449219,80,4,19,0.00125384330749512,80,5,16,0.00223183631896973,80,6,29,0.00130200386047363,80,7,18,0.00223302841186523,80,8,17,0.00247311592102051,150,1,14,0.00292801856994629,150,2,18,0.00234317779541016,150,3,13,0.0031590461730957,150,4,42,0.00642681121826172,150,5,19,0.00233888626098633,150,6,23,0.00240802764892578,150,7,31,0.0035240650177002,150,8,30,0.00410604476928711,200,1,9,0.00401210784912109,200,2,13,0.00450706481933594,200,3,23,0.00414800643920898,200,4,24,0.00333619117736816,200,5,32,0.0030970573425293,200,6,19,0.00519800186157227,200,7,29,0.00309896469116211,200,8,36,0.00429010391235352
"V86",50,1,8,0.00234794616699219,50,2,7,0.0014030933380127,50,3,16,0.00142502784729004,50,4,19,0.000807046890258789,50,5,14,0.00106000900268555,50,6,15,0.000838994979858398,50,7,17,0.00146293640136719,50,8,20,0.00142693519592285,80,1,8,0.0012199878692627,80,2,9,0.00220298767089844,80,3,9,0.0027461051940918,80,4,12,0.00179696083068848,80,5,19,0.00235104560852051,80,6,20,0.0024871826171875,80,7,20,0.00215601921081543,80,8,17,0.00128698348999023,150,1,8,0.00276994705200195,150,2,8,0.00233602523803711,150,3,26,0.00246500968933105,150,4,23,0.00651788711547852,150,5,11,0.00381207466125488,150,6,30,0.00352692604064941,150,7,24,0.00266003608703613,150,8,35,0.00416803359985352,200,1,22,0.00531816482543945,200,2,14,0.0041508674621582,200,3,20,0.00322103500366211,200,4,31,0.00417685508728027,200,5,26,0.00517988204956055,200,6,20,0.00730085372924805,200,7,35,0.00958490371704102,200,8,36,0.00313282012939453
"V87",50,1,8,0.00221395492553711,50,2,7,0.00140786170959473,50,3,17,0.00145888328552246,50,4,15,0.00926089286804199,50,5,18,0.000889778137207031,50,6,16,0.000802993774414062,50,7,15,0.00135517120361328,50,8,18,0.00146102905273438,80,1,15,0.00120401382446289,80,2,12,0.00224900245666504,80,3,12,0.00238895416259766,80,4,15,0.00241589546203613,80,5,16,0.00214314460754395,80,6,17,0.00128698348999023,80,7,21,0.00247001647949219,80,8,26,0.00134515762329102,150,1,15,0.00336217880249023,150,2,17,0.00240302085876465,150,3,11,0.00281596183776855,150,4,23,0.00409293174743652,150,5,32,0.00238990783691406,150,6,19,0.00335788726806641,150,7,36,0.00353407859802246,150,8,24,0.00530791282653809,200,1,26,0.00519990921020508,200,2,21,0.00325512886047363,200,3,23,0.00332307815551758,200,4,15,0.00512194633483887,200,5,16,0.00711703300476074,200,6,20,0.00735092163085938,200,7,33,0.00479698181152344,200,8,36,0.00341987609863281
"V88",50,1,6,0.00151705741882324,50,2,7,0.00130105018615723,50,3,7,0.00142717361450195,50,4,11,0.00139212608337402,50,5,18,0.00124216079711914,50,6,18,0.000818014144897461,50,7,16,0.00144696235656738,50,8,12,0.00144290924072266,80,1,6,0.00237584114074707,80,2,14,0.00227594375610352,80,3,10,0.00228095054626465,80,4,24,0.00244712829589844,80,5,19,0.00222897529602051,80,6,26,0.00423502922058105,80,7,22,0.00203704833984375,80,8,20,0.00126004219055176,150,1,18,0.00236296653747559,150,2,15,0.00233006477355957,150,3,16,0.0046241283416748,150,4,26,0.0047309398651123,150,5,21,0.00233101844787598,150,6,30,0.00339198112487793,150,7,44,0.00239801406860352,150,8,34,0.00407791137695312,200,1,10,0.00409793853759766,200,2,12,0.00464081764221191,200,3,17,0.00447487831115723,200,4,16,0.0053250789642334,200,5,16,0.00542688369750977,200,6,40,0.00716280937194824,200,7,32,0.00718379020690918,200,8,36,0.00317502021789551
"V89",50,1,5,0.00558090209960938,50,2,16,0.00139808654785156,50,3,13,0.00139117240905762,50,4,14,0.00137782096862793,50,5,16,0.00123310089111328,50,6,18,0.00150108337402344,50,7,17,0.000823020935058594,50,8,15,0.0014190673828125,80,1,7,0.00123000144958496,80,2,10,0.00132179260253906,80,3,15,0.00184798240661621,80,4,18,0.0030510425567627,80,5,17,0.00233316421508789,80,6,27,0.00182986259460449,80,7,23,0.00221610069274902,80,8,18,0.00128293037414551,150,1,10,0.0065300464630127,150,2,17,0.00793218612670898,150,3,19,0.00414705276489258,150,4,26,0.0024259090423584,150,5,16,0.00234794616699219,150,6,26,0.00234603881835938,150,7,25,0.0023951530456543,150,8,24,0.00364303588867188,200,1,16,0.00428485870361328,200,2,19,0.004364013671875,200,3,17,0.00529885292053223,200,4,34,0.00314998626708984,200,5,27,0.00531792640686035,200,6,32,0.00351500511169434,200,7,32,0.00463485717773438,200,8,44,0.00706887245178223
"V90",50,1,5,0.00457000732421875,50,2,6,0.00140380859375,50,3,12,0.00138306617736816,50,4,20,0.0013580322265625,50,5,19,0.000816822052001953,50,6,10,0.00220203399658203,50,7,15,0.000823020935058594,50,8,17,0.000991106033325195,80,1,6,0.00123000144958496,80,2,8,0.00160908699035645,80,3,18,0.00232195854187012,80,4,26,0.00142312049865723,80,5,20,0.00391602516174316,80,6,25,0.00226998329162598,80,7,22,0.00218796730041504,80,8,21,0.00150299072265625,150,1,20,0.00391793251037598,150,2,10,0.00401902198791504,150,3,12,0.00386786460876465,150,4,20,0.00231099128723145,150,5,26,0.00239801406860352,150,6,29,0.00328803062438965,150,7,34,0.00235295295715332,150,8,26,0.0023491382598877,200,1,19,0.00310301780700684,200,2,26,0.00547504425048828,200,3,45,0.00713300704956055,200,4,23,0.00330901145935059,200,5,27,0.00535297393798828,200,6,34,0.00429201126098633,200,7,34,0.0106029510498047,200,8,26,0.00392889976501465
"V91",50,1,5,0.00168991088867188,50,2,7,0.0010678768157959,50,3,12,0.00139999389648438,50,4,14,0.00115680694580078,50,5,14,0.00082707405090332,50,6,22,0.00140500068664551,50,7,16,0.000824928283691406,50,8,19,0.000809907913208008,80,1,6,0.00125479698181152,80,2,14,0.00146293640136719,80,3,14,0.00228190422058105,80,4,10,0.00127291679382324,80,5,25,0.0019080638885498,80,6,27,0.00164008140563965,80,7,18,0.0021669864654541,80,8,26,0.0015411376953125,150,1,8,0.00406789779663086,150,2,9,0.00394487380981445,150,3,14,0.00235414505004883,150,4,18,0.00864911079406738,150,5,20,0.00362396240234375,150,6,23,0.00418305397033691,150,7,20,0.00237607955932617,150,8,23,0.00256896018981934,200,1,18,0.0030519962310791,200,2,13,0.00966095924377441,200,3,27,0.00462818145751953,200,4,21,0.00525188446044922,200,5,20,0.00574302673339844,200,6,30,0.0110089778900146,200,7,22,0.00542378425598145,200,8,48,0.00460195541381836
"V92",50,1,8,0.0032191276550293,50,2,9,0.000803947448730469,50,3,12,0.00136804580688477,50,4,12,0.000800132751464844,50,5,12,0.00141716003417969,50,6,11,0.00108194351196289,50,7,15,0.000869035720825195,50,8,14,0.000811100006103516,80,1,10,0.00122809410095215,80,2,10,0.00146102905273438,80,3,12,0.0019831657409668,80,4,25,0.00284600257873535,80,5,18,0.00148105621337891,80,6,27,0.00221490859985352,80,7,21,0.00136113166809082,80,8,20,0.00227212905883789,150,1,11,0.00387716293334961,150,2,14,0.00381302833557129,150,3,26,0.0026390552520752,150,4,24,0.00375199317932129,150,5,30,0.00248003005981445,150,6,19,0.00501513481140137,150,7,21,0.00532388687133789,150,8,45,0.00237011909484863,200,1,10,0.00440692901611328,200,2,20,0.00436878204345703,200,3,23,0.0030980110168457,200,4,28,0.00564289093017578,200,5,28,0.00490617752075195,200,6,24,0.00486087799072266,200,7,28,0.0069880485534668,200,8,30,0.0052039623260498
"V93",50,1,11,0.00138711929321289,50,2,9,0.00188994407653809,50,3,11,0.00142312049865723,50,4,15,0.000807046890258789,50,5,14,0.0010230541229248,50,6,21,0.000805139541625977,50,7,23,0.000808954238891602,50,8,27,0.000813007354736328,80,1,5,0.00191688537597656,80,2,9,0.0012660026550293,80,3,16,0.00423598289489746,80,4,17,0.00243306159973145,80,5,16,0.00127911567687988,80,6,22,0.00222897529602051,80,7,26,0.00148105621337891,80,8,20,0.00229978561401367,150,1,22,0.00570511817932129,150,2,9,0.00238394737243652,150,3,20,0.00465202331542969,150,4,21,0.00231504440307617,150,5,32,0.00274801254272461,150,6,17,0.00491881370544434,150,7,34,0.00415778160095215,150,8,26,0.00516700744628906,200,1,22,0.00413990020751953,200,2,20,0.00446796417236328,200,3,18,0.00315594673156738,200,4,29,0.00477790832519531,200,5,30,0.00309896469116211,200,6,44,0.00452280044555664,200,7,36,0.00356507301330566,200,8,43,0.00725603103637695
"V94",50,1,7,0.00100493431091309,50,2,15,0.000800848007202148,50,3,11,0.00200200080871582,50,4,11,0.00189900398254395,50,5,16,0.00235295295715332,50,6,11,0.0021669864654541,50,7,24,0.00191998481750488,50,8,15,0.00275206565856934,80,1,4,0.00142598152160645,80,2,13,0.00261807441711426,80,3,17,0.00227093696594238,80,4,18,0.002349853515625,80,5,20,0.00124597549438477,80,6,29,0.00221896171569824,80,7,14,0.00128006935119629,80,8,25,0.00388503074645996,150,1,10,0.00230097770690918,150,2,8,0.00378704071044922,150,3,29,0.00425505638122559,150,4,19,0.00293087959289551,150,5,29,0.00399303436279297,150,6,30,0.00230789184570312,150,7,33,0.00255489349365234,150,8,30,0.00414800643920898,200,1,13,0.00816607475280762,200,2,20,0.00547003746032715,200,3,23,0.00445699691772461,200,4,16,0.0034019947052002,200,5,40,0.00539207458496094,200,6,37,0.00805401802062988,200,7,26,0.0052177906036377,200,8,41,0.00548291206359863
"V95",50,1,6,0.000779867172241211,50,2,16,0.000786066055297852,50,3,22,0.000758171081542969,50,4,11,0.000808000564575195,50,5,11,0.000812053680419922,50,6,17,0.0013880729675293,50,7,13,0.000816106796264648,50,8,19,0.00135302543640137,80,1,18,0.00234293937683105,80,2,12,0.00236916542053223,80,3,11,0.00162100791931152,80,4,16,0.00252795219421387,80,5,32,0.00126385688781738,80,6,22,0.00226807594299316,80,7,18,0.00125288963317871,80,8,22,0.00429701805114746,150,1,10,0.00226593017578125,150,2,15,0.00238513946533203,150,3,20,0.00408196449279785,150,4,30,0.00271105766296387,150,5,21,0.00409102439880371,150,6,31,0.00240182876586914,150,7,34,0.00242090225219727,150,8,31,0.00400209426879883,200,1,18,0.00664305686950684,200,2,19,0.00892996788024902,200,3,37,0.00309205055236816,200,4,28,0.00443196296691895,200,5,33,0.0272121429443359,200,6,22,0.00510978698730469,200,7,34,0.0038759708404541,200,8,37,0.0054328441619873
"V96",50,1,9,0.00076603889465332,50,2,15,0.000905036926269531,50,3,16,0.000752925872802734,50,4,12,0.000790119171142578,50,5,15,0.000835895538330078,50,6,10,0.00134611129760742,50,7,23,0.000798940658569336,50,8,14,0.000792980194091797,80,1,9,0.00122690200805664,80,2,6,0.00768399238586426,80,3,18,0.00174212455749512,80,4,10,0.00134491920471191,80,5,26,0.00162196159362793,80,6,26,0.00228786468505859,80,7,16,0.00153088569641113,80,8,20,0.00225210189819336,150,1,14,0.00214886665344238,150,2,10,0.00397682189941406,150,3,11,0.00403809547424316,150,4,20,0.00453686714172363,150,5,23,0.0041348934173584,150,6,33,0.00245094299316406,150,7,33,0.00239181518554688,150,8,37,0.00415301322937012,200,1,30,0.00714993476867676,200,2,36,0.00317811965942383,200,3,21,0.00306797027587891,200,4,33,0.00699305534362793,200,5,18,0.00541806221008301,200,6,34,0.0061650276184082,200,7,28,0.00322985649108887,200,8,42,0.00537395477294922
"V97",50,1,6,0.000850200653076172,50,2,11,0.000908136367797852,50,3,9,0.000750064849853516,50,4,20,0.00146698951721191,50,5,11,0.00078582763671875,50,6,19,0.000809907913208008,50,7,17,0.000797033309936523,50,8,20,0.00100493431091309,80,1,8,0.00121092796325684,80,2,12,0.00222682952880859,80,3,17,0.00125503540039062,80,4,14,0.00330090522766113,80,5,16,0.00128793716430664,80,6,29,0.00128793716430664,80,7,20,0.00251102447509766,80,8,23,0.00215291976928711,150,1,14,0.00212693214416504,150,2,11,0.00395894050598145,150,3,16,0.00471305847167969,150,4,31,0.00304794311523438,150,5,39,0.00395488739013672,150,6,28,0.0024268627166748,150,7,33,0.00234389305114746,150,8,36,0.00419116020202637,200,1,22,0.00536394119262695,200,2,31,0.00439095497131348,200,3,42,0.00502395629882812,200,4,27,0.00432801246643066,200,5,27,0.00328516960144043,200,6,21,0.0030210018157959,200,7,27,0.00405597686767578,200,8,42,0.00425004959106445
"V98",50,1,4,0.000729084014892578,50,2,12,0.000812053680419922,50,3,11,0.000900983810424805,50,4,9,0.00162315368652344,50,5,16,0.000791072845458984,50,6,11,0.00079798698425293,50,7,21,0.00140810012817383,50,8,16,0.000792026519775391,80,1,16,0.00122189521789551,80,2,10,0.00223803520202637,80,3,15,0.00125503540039062,80,4,13,0.00165510177612305,80,5,18,0.00134611129760742,80,6,19,0.00127792358398438,80,7,15,0.00128984451293945,80,8,24,0.00238680839538574,150,1,15,0.00214695930480957,150,2,14,0.00287389755249023,150,3,23,0.00423216819763184,150,4,24,0.00435709953308105,150,5,20,0.00236892700195312,150,6,38,0.00351190567016602,150,7,23,0.00582313537597656,150,8,37,0.00396084785461426,200,1,21,0.00529909133911133,200,2,27,0.00318002700805664,200,3,18,0.00806307792663574,200,4,18,0.00343489646911621,200,5,34,0.00312304496765137,200,6,28,0.00303506851196289,200,7,46,0.00283098220825195,200,8,21,0.00306606292724609
"V99",50,1,11,0.000715970993041992,50,2,7,0.00084996223449707,50,3,7,0.000967025756835938,50,4,12,0.00136613845825195,50,5,13,0.000792026519775391,50,6,15,0.000794887542724609,50,7,13,0.00140810012817383,50,8,15,0.000791072845458984,80,1,12,0.00122404098510742,80,2,16,0.00239896774291992,80,3,7,0.00152993202209473,80,4,21,0.00221395492553711,80,5,10,0.0011751651763916,80,6,21,0.00253796577453613,80,7,20,0.0014498233795166,80,8,29,0.00148200988769531,150,1,15,0.00543093681335449,150,2,14,0.00373697280883789,150,3,22,0.00420904159545898,150,4,25,0.0028078556060791,150,5,28,0.00229501724243164,150,6,30,0.00264692306518555,150,7,31,0.00410103797912598,150,8,29,0.00415301322937012,200,1,8,0.00308704376220703,200,2,28,0.00294399261474609,200,3,22,0.0050361156463623,200,4,36,0.00701379776000977,200,5,36,0.0038299560546875,200,6,34,0.0031430721282959,200,7,23,0.0028831958770752,200,8,45,0.00306582450866699
"V100",50,1,7,0.000718832015991211,50,2,6,0.000737905502319336,50,3,10,0.000951051712036133,50,4,17,0.00136899948120117,50,5,12,0.000818014144897461,50,6,14,0.000813007354736328,50,7,16,0.00141406059265137,50,8,22,0.000815153121948242,80,1,9,0.00122690200805664,80,2,16,0.00218701362609863,80,3,15,0.00215506553649902,80,4,23,0.00159716606140137,80,5,16,0.00119805335998535,80,6,17,0.00159597396850586,80,7,12,0.00138306617736816,80,8,23,0.00206589698791504,150,1,20,0.00356101989746094,150,2,17,0.00344586372375488,150,3,25,0.00489497184753418,150,4,26,0.00317597389221191,150,5,24,0.00384783744812012,150,6,15,0.00217700004577637,150,7,30,0.00306606292724609,150,8,30,0.00218915939331055,200,1,13,0.00735712051391602,200,2,26,0.00294589996337891,200,3,24,0.00305795669555664,200,4,13,0.00454401969909668,200,5,29,0.00616312026977539,200,6,47,0.00698590278625488,200,7,40,0.00288510322570801,200,8,43,0.00328302383422852
